_step,actor/entropy,actor/grad_norm,actor/loss,actor/lr,critic/rewards/max,critic/rewards/mean,critic/rewards/min,critic/score/max,critic/score/mean,critic/score/min,perf/throughput,response_length/clip_ratio,response_length/max,response_length/mean,response_length/min,timing_s/step,training/global_step,training/num_turns/max,training/num_turns/mean,training/num_turns/min
1,0.4980481266975403,0.9370275139808655,0.07696589827537537,6.25e-09,1.0,0.0013671868946403265,-0.20000000298023224,1.0,0.0013671868946403265,-0.20000000298023224,610.495687738484,0.05859375,1024,310.65625,1,66.1364212899989,1,6,2.78125,2
2,0.4824056327342987,1.1001137495040894,0.10212957859039307,1.25e-08,1.0,0.05742187052965164,-0.20000000298023224,1.0,0.05742187052965164,-0.20000000298023224,700.4219654646737,0.0546875,1024,309.08984375,1,57.34079166599986,2,6,2.890625,2
3,0.5304346084594727,0.8161721229553223,-0.057333603501319885,1.875e-08,1.0,0.010742186568677425,-0.20000000298023224,1.0,0.010742186568677425,-0.20000000298023224,698.3072586687142,0.0546875,1024,304.9296875,1,57.42959063099988,3,6,2.7734375,2
4,0.5312236547470093,0.8360835909843445,-0.01635848358273506,2.5e-08,1.0,-0.01914062537252903,-0.20000000298023224,1.0,-0.01914062537252903,-0.20000000298023224,696.2890269077036,0.06640625,1024,292.84375,2,56.640272180000466,4,4,2.703125,2
5,0.649707555770874,1.0012850761413574,-0.11360187083482742,3.125e-08,1.0,0.0062499986961483955,-0.20000000298023224,1.0,0.0062499986961483955,-0.20000000298023224,660.5544187110008,0.04296875,1024,291.734375,4,58.97167424300096,5,6,2.859375,2
6,0.5895054936408997,0.9458512663841248,-0.09383518248796463,3.75e-08,1.0,0.002148438710719347,-0.20000000298023224,1.0,0.002148438710719347,-0.20000000298023224,663.5782786963746,0.046875,1024,273.33203125,12,56.95221078400027,6,6,2.796875,2
7,0.5052332282066345,0.9554183483123779,-0.18846330046653748,4.375e-08,1.0,-0.005468748509883881,-0.20000000298023224,1.0,-0.005468748509883881,-0.20000000298023224,665.79266191125,0.05078125,1024,268.93359375,1,56.55176476700035,7,6,2.6953125,2
8,0.4647499620914459,1.1954567432403564,-0.06004464626312256,5e-08,1.0,0.006250000558793545,-0.20000000298023224,1.0,0.006250000558793545,-0.20000000298023224,676.6593008241086,0.0390625,1024,277.875,8,56.514408290000574,8,6,2.8046875,2
9,0.5237899422645569,0.8460407257080078,-0.0885576456785202,5.625e-08,1.0,-0.0380859375,-0.20000000298023224,1.0,-0.0380859375,-0.20000000298023224,669.8953568496205,0.05078125,1024,268.6484375,1,56.481209510000554,9,6,2.6640625,2
10,0.4860314130783081,0.7853972911834717,-0.08475702255964279,6.25e-08,1.0,0.01777343824505806,-0.20000000298023224,1.0,0.01777343824505806,-0.20000000298023224,707.3272907114978,0.046875,1024,310.94140625,2,57.08990806700058,10,6,2.8828125,2
11,0.47029387950897217,0.9291778206825256,0.15361478924751282,6.875e-08,1.0,0.02617187425494194,-0.20000000298023224,1.0,0.02617187425494194,-0.20000000298023224,725.8749779949513,0.07421875,1024,327.79296875,1,56.86757534199933,11,6,2.90625,2
12,0.529667317867279,0.9913278222084045,0.0475897490978241,7.5e-08,1.0,-0.00859374925494194,-0.20000000298023224,1.0,-0.00859374925494194,-0.20000000298023224,656.2223982071249,0.04296875,1024,269.484375,1,57.35403135100023,12,6,2.75,2
13,0.5102975964546204,1.0981900691986084,-0.0650915652513504,8.125e-08,1.0,0.0224609375,-0.20000000298023224,1.0,0.0224609375,-0.20000000298023224,660.4373380013719,0.04296875,1024,268.06640625,1,56.91418070600048,13,6,2.796875,2
14,0.5024367570877075,1.0291545391082764,0.1109457015991211,8.75e-08,1.0,0.02304687350988388,-0.20000000298023224,1.0,0.02304687350988388,-0.20000000298023224,698.4775899816941,0.06640625,1024,307.65625,15,57.15716663300009,14,6,2.8125,2
15,0.4803341329097748,0.9023572206497192,0.06842456012964249,9.375e-08,1.0,0.004882812965661287,-0.20000000298023224,1.0,0.004882812965661287,-0.20000000298023224,711.201809768008,0.0703125,1024,311.546875,1,56.88680687299893,15,6,2.7890625,2
16,0.4637087881565094,0.8520688414573669,-0.09529449045658112,1e-07,1.0,-0.004296874161809683,-0.20000000298023224,1.0,-0.004296874161809683,-0.20000000298023224,671.2121024400269,0.0625,1024,298.8515625,1,58.909098713000276,16,6,2.7734375,2
17,0.46713683009147644,0.980026364326477,0.10292166471481323,1.0624999999999999e-07,1.0,-4.656612873077393e-10,-0.20000000298023224,1.0,-4.656612873077393e-10,-0.20000000298023224,689.332814139259,0.07421875,1024,297.62109375,1,57.0780168780002,17,6,2.734375,2
18,0.5067769289016724,0.9495659470558167,0.08962655067443848,1.125e-07,1.0,0.00390625,-0.20000000298023224,1.0,0.00390625,-0.20000000298023224,681.7927248730832,0.05859375,1024,283.46484375,1,56.57547901699945,18,6,2.78125,2
19,0.4749022126197815,0.8986480832099915,-0.029722636565566063,1.1874999999999999e-07,1.0,-0.01406250149011612,-0.20000000298023224,1.0,-0.01406250149011612,-0.20000000298023224,678.1272135463697,0.07421875,1024,285.87109375,1,57.384144483001364,19,6,2.75,2
20,0.4633295238018036,0.9207910895347595,0.029400121420621872,1.25e-07,1.0,-0.001171874813735485,-0.20000000298023224,1.0,-0.001171874813735485,-0.20000000298023224,685.3519315389625,0.04296875,1024,287.67578125,8,56.7799523270005,20,6,2.796875,2
21,0.5198614001274109,0.9148221015930176,-0.06383132189512253,1.3125e-07,1.0,-0.005859374068677425,-0.20000000298023224,1.0,-0.005859374068677425,-0.20000000298023224,685.1017125004903,0.0390625,1024,285.984375,1,56.617870444999426,21,6,2.8984375,2
22,0.4891495108604431,0.8820276856422424,-0.042106375098228455,1.375e-07,1.0,-0.0087890625,-0.20000000298023224,1.0,-0.0087890625,-0.20000000298023224,634.2891498036652,0.05078125,1024,263.375,1,58.802834656000414,22,6,2.7265625,2
23,0.44085103273391724,0.8199999928474426,0.09502851217985153,1.4374999999999997e-07,1.0,0.00859374925494194,-0.20000000298023224,1.0,0.00859374925494194,-0.20000000298023224,698.446979136308,0.07421875,1024,302.23828125,1,57.021150051001314,23,6,2.75,2
24,0.4603451192378998,0.9267747402191162,0.03699887543916702,1.5e-07,1.0,0.0007812492549419403,-0.20000000298023224,1.0,0.0007812492549419403,-0.20000000298023224,674.0591700087846,0.06640625,1024,296.8359375,1,58.76264542100034,24,6,2.8515625,2
25,0.5266333222389221,1.00228750705719,0.10783886909484863,1.5624999999999999e-07,1.0,0.006445311941206455,-0.20000000298023224,1.0,0.006445311941206455,-0.20000000298023224,689.9194944081863,0.0546875,1024,298.03515625,2,57.19254249200094,25,6,2.859375,2
26,0.5454129576683044,0.9017271399497986,-0.011425133794546127,1.625e-07,1.0,-0.0013671868946403265,-0.20000000298023224,1.0,-0.0013671868946403265,-0.20000000298023224,691.3903620773079,0.06640625,1024,312.69140625,1,58.57942520100005,26,6,2.84375,2
27,0.526066780090332,0.9143144488334656,0.02155127376317978,1.6875e-07,1.0,0.04746093600988388,-0.20000000298023224,1.0,0.04746093600988388,-0.20000000298023224,665.064287048912,0.03125,1024,296.71484375,1,58.99993544099925,27,6,2.9296875,2
28,0.4867594242095947,1.2433898448944092,0.005109505727887154,1.75e-07,1.0,0.01855468563735485,-0.20000000298023224,1.0,0.01855468563735485,-0.20000000298023224,684.6788167531516,0.04296875,1024,294.67578125,10,57.02856440799951,28,6,2.9140625,2
29,0.5062406659126282,0.9137693643569946,-0.011381898075342178,1.8124999999999999e-07,1.0,0.011914064176380634,-0.20000000298023224,1.0,0.011914064176380634,-0.20000000298023224,686.2495183323654,0.05859375,1024,311.62890625,2,58.9089666660002,29,6,2.890625,2
30,0.45534875988960266,0.9128214716911316,-0.010283254086971283,1.875e-07,1.0,0.02578125149011612,-0.20000000298023224,1.0,0.02578125149011612,-0.20000000298023224,690.2358316455216,0.0703125,1024,315.8359375,1,59.00084888799938,30,6,2.9609375,2
31,0.4628533124923706,1.0299626588821411,0.09400751441717148,1.9375e-07,1.0,0.015625,-0.20000000298023224,1.0,0.015625,-0.20000000298023224,700.0946341563613,0.08203125,1024,301.85546875,1,56.72768803300096,31,6,2.828125,2
32,0.4701087176799774,0.6860107183456421,0.12237868458032608,2e-07,1.0,-0.007226560264825821,-0.20000000298023224,1.0,-0.007226560264825821,-0.20000000298023224,739.8466571401976,0.0859375,1024,337.1796875,1,56.98951207400023,32,6,2.875,2
33,0.505659818649292,0.9085224270820618,0.13293012976646423,2.0624999999999998e-07,1.0,0.01640625111758709,-0.20000000298023224,1.0,0.01640625111758709,-0.20000000298023224,714.8803922588836,0.06640625,1024,319.09375,1,57.15641447500093,33,6,2.9921875,2
34,0.47386059165000916,0.8442780375480652,0.07602880150079727,2.1249999999999998e-07,1.0,0.01914062537252903,-0.20000000298023224,1.0,0.01914062537252903,-0.20000000298023224,703.0321066863671,0.05859375,1024,311.43359375,1,57.49630723200062,34,6,2.90625,2
35,0.4479506313800812,0.9831107258796692,0.03882622718811035,2.1875e-07,1.0,0.04960937798023224,-0.20000000298023224,1.0,0.04960937798023224,-0.20000000298023224,699.889897502147,0.0703125,1024,331.71875,1,59.28503918699971,35,6,3.078125,2
36,0.4711547791957855,0.8486713767051697,0.008664734661579132,2.25e-07,1.0,0.03925780951976776,-0.20000000298023224,1.0,0.03925780951976776,-0.20000000298023224,728.2824324789037,0.0703125,1024,325.7578125,1,56.84264531699955,36,6,3.015625,2
37,0.5042651295661926,0.8622093200683594,0.09611393511295319,2.3125e-07,1.0,0.03984374925494194,-0.20000000298023224,1.0,0.03984374925494194,-0.20000000298023224,709.9439049672936,0.0703125,1024,334.79296875,11,59.008535331999155,37,6,3.0234375,2
38,0.44177886843681335,0.905350923538208,0.06278970837593079,2.3749999999999998e-07,1.0,0.03496093675494194,-0.20000000298023224,1.0,0.03496093675494194,-0.20000000298023224,712.0789458358887,0.06640625,1024,336.125,1,58.888133464999555,38,6,3.1328125,2
39,0.4830806255340576,1.0488961935043335,0.06864718347787857,2.4375e-07,1.0,0.03359375149011612,-0.20000000298023224,1.0,0.03359375149011612,-0.20000000298023224,695.989836574607,0.0703125,1024,324.0625,1,59.31408453200129,39,6,3.0390625,2
40,0.5160165429115295,1.2243585586547852,0.006388860754668713,2.5e-07,1.0,0.03671874850988388,-0.20000000298023224,1.0,0.03671874850988388,-0.20000000298023224,693.9269902032387,0.04296875,1024,318.71875,1,58.74681425499875,40,6,3.1875,2
41,0.4380258321762085,1.1565709114074707,0.09354639053344727,2.5625e-07,1.0,0.04433593526482582,-0.20000000298023224,1.0,0.04433593526482582,-0.20000000298023224,729.7800932874732,0.0546875,1024,325.5078125,1,56.780803396999545,41,6,3.125,2
42,0.49364402890205383,1.0971829891204834,0.0003751469776034355,2.625e-07,1.0,0.0751953125,-0.20000000298023224,1.0,0.0751953125,-0.20000000298023224,701.9349951258041,0.0390625,1024,322.84375,1,58.56525217499984,42,6,3.2890625,2
43,0.5185221433639526,0.8668631911277771,0.10985739529132843,2.6874999999999997e-07,1.0,0.07070311903953552,-0.20000000298023224,1.0,0.07070311903953552,-0.20000000298023224,741.4907597399775,0.0546875,1024,344.46484375,1,57.296398426999076,43,6,3.265625,2
44,0.4464088976383209,1.0057790279388428,0.1871306598186493,2.75e-07,1.0,0.06601562350988388,-0.20000000298023224,1.0,0.06601562350988388,-0.20000000298023224,732.7408813877366,0.0546875,1024,332.05078125,10,56.83489355900019,44,6,3.3046875,2
45,0.4391118586063385,1.136383056640625,0.15717166662216187,2.8125e-07,1.0,0.0654296875,-0.20000000298023224,1.0,0.0654296875,-0.20000000298023224,719.6743609283858,0.04296875,1024,352.75,1,59.64920015300049,45,6,3.5078125,2
46,0.48630255460739136,0.9685590863227844,0.08622101694345474,2.8749999999999995e-07,1.0,0.09121093153953552,-0.20000000298023224,1.0,0.09121093153953552,-0.20000000298023224,737.1813627457557,0.046875,1024,355.5546875,2,58.52359023200006,46,6,3.4453125,2
47,0.4413430988788605,1.0320078134536743,0.23208679258823395,2.9375e-07,1.0,0.11406249552965164,-0.20000000298023224,1.0,0.11406249552965164,-0.20000000298023224,785.6719291911294,0.0546875,1024,376.35546875,8,56.697647383,47,6,3.453125,2
48,0.46886059641838074,0.9651491045951843,0.09049829840660095,3e-07,1.0,0.13847656548023224,-0.20000000298023224,1.0,0.13847656548023224,-0.20000000298023224,734.584274347089,0.046875,1024,371.2109375,1,59.887614717999895,48,6,3.5390625,2
49,0.43591710925102234,1.0213087797164917,0.15973453223705292,3.0625000000000003e-07,1.0,0.0751953125,-0.20000000298023224,1.0,0.0751953125,-0.20000000298023224,752.6553509048006,0.04296875,1024,380.08984375,1,59.423944765998385,49,6,3.578125,2
50,0.35450276732444763,0.7696943283081055,0.28220242261886597,3.1249999999999997e-07,1.0,0.126953125,-0.20000000298023224,1.0,0.126953125,-0.20000000298023224,770.6030448113743,0.08984375,1024,400.35546875,1,59.540058022001176,50,6,3.53125,2
51,0.4562963545322418,0.8129222393035889,0.18992948532104492,3.1874999999999997e-07,1.0,0.109375,-0.20000000298023224,1.0,0.109375,-0.20000000298023224,760.0504357208081,0.0625,1024,383.68359375,1,59.18784844500078,51,6,3.4921875,2
52,0.4338213801383972,0.944023847579956,0.10814729332923889,3.25e-07,1.0,0.10078124701976776,-0.20000000298023224,1.0,0.10078124701976776,-0.20000000298023224,742.7102319775313,0.03125,1024,368.91015625,1,59.512105929001336,52,6,3.5625,2
53,0.44829609990119934,1.0953654050827026,0.19093720614910126,3.3124999999999995e-07,1.0,0.09941406548023224,-0.20000000298023224,1.0,0.09941406548023224,-0.20000000298023224,748.0369857543225,0.046875,1024,370.5078125,2,59.13009763199989,53,6,3.546875,2
54,0.43375688791275024,0.9298986792564392,0.19130979478359222,3.375e-07,1.0,0.17246092855930328,-0.20000000298023224,1.0,0.17246092855930328,-0.20000000298023224,756.3110788670548,0.046875,1024,375.64453125,1,58.964163352999094,54,6,3.703125,2
55,0.3878544569015503,1.010606288909912,0.21616901457309723,3.4375e-07,1.0,0.16542969644069672,-0.20000000298023224,1.0,0.16542969644069672,-0.20000000298023224,756.0833797801067,0.0234375,1024,383.5390625,21,59.61445682499834,55,6,3.8984375,2
56,0.36635175347328186,0.8791729807853699,0.2796640992164612,3.5e-07,1.0,0.16445311903953552,-0.20000000298023224,1.0,0.16445311903953552,-0.20000000298023224,761.089511242623,0.046875,1024,382.1640625,1,58.98452066000027,56,6,3.8359375,2
57,0.2879445552825928,0.9137077331542969,0.15805630385875702,3.5625e-07,1.0,0.16914063692092896,-0.20000000298023224,1.0,0.16914063692092896,-0.20000000298023224,758.6624578277197,0.02734375,1024,373.03515625,1,58.445293480001055,57,6,3.859375,2
58,0.3216279149055481,0.7785605788230896,0.2926468551158905,3.6249999999999997e-07,1.0,0.21562498807907104,-0.20000000298023224,1.0,0.21562498807907104,-0.20000000298023224,792.4779582825943,0.05859375,1024,414.296875,1,59.25716861799992,58,6,3.875,2
59,0.3340153992176056,0.8349584341049194,0.293082058429718,3.6875e-07,1.0,0.21210937201976776,-0.20000000298023224,1.0,0.21210937201976776,-0.20000000298023224,772.0184402476793,0.04296875,1024,395.30859375,26,59.182200343999284,59,6,3.859375,2
60,0.3246629238128662,0.9558323621749878,0.2567087411880493,3.75e-07,1.0,0.20527343451976776,-0.20000000298023224,1.0,0.20527343451976776,-0.20000000298023224,793.9985944254312,0.046875,1024,385.48046875,1,56.963262048000615,60,6,3.890625,2
61,0.3426513373851776,0.8885548114776611,0.07295481860637665,3.8124999999999995e-07,1.0,0.17792969942092896,-0.20000000298023224,1.0,0.17792969942092896,-0.20000000298023224,734.7032715810717,0.015625,1024,357.08203125,1,58.9928637539997,61,6,3.84375,2
62,0.30537211894989014,0.8754832148551941,0.3157067596912384,3.875e-07,1.0,0.220703125,-0.20000000298023224,1.0,0.220703125,-0.20000000298023224,773.4695083148071,0.03125,1024,378.01953125,28,57.50097388699942,62,6,3.8828125,2
63,0.27302825450897217,0.9505702257156372,0.19907209277153015,3.9375e-07,1.0,0.1943359524011612,-0.20000000298023224,1.0,0.1943359524011612,-0.20000000298023224,736.6798330767781,0.015625,1024,357.9609375,2,58.84713827300038,63,6,3.8828125,2
64,0.30429497361183167,0.6382205486297607,0.12057776749134064,4e-07,1.0,0.2607421875,-0.20000000298023224,1.0,0.2607421875,-0.20000000298023224,794.1965627245021,0.0078125,1024,385.015625,1,56.94434114000069,64,6,3.8984375,2
65,0.3062385618686676,0.8735619783401489,0.2535184323787689,4.0625e-07,1.0,0.2041015774011612,-0.20000000298023224,1.0,0.2041015774011612,-0.20000000298023224,750.7434008654913,0.01953125,1024,376.25,2,59.34251296600087,65,6,3.9296875,2
66,0.310603529214859,0.8925768136978149,0.21639417111873627,4.1249999999999997e-07,1.0,0.2353515625,-0.20000000298023224,1.0,0.2353515625,-0.20000000298023224,776.8990777246254,0.0234375,1024,404.64453125,1,59.58849910800018,66,6,4.0078125,2
67,0.2957988679409027,0.8053916692733765,0.19761419296264648,4.1875e-07,1.0,0.1875,-0.20000000298023224,1.0,0.1875,-0.20000000298023224,772.0928496521908,0.01953125,1024,390.89453125,26,58.90515631699964,67,6,3.953125,2
68,0.28833580017089844,0.8413169980049133,0.10759826004505157,4.2499999999999995e-07,1.0,0.21484375,-0.20000000298023224,1.0,0.21484375,-0.20000000298023224,791.8051025615179,0.0078125,1024,387.015625,1,56.93320219099951,68,6,3.984375,2
69,0.24979224801063538,0.6772228479385376,0.2116284817457199,4.3125e-07,1.0,0.2314453125,-0.20000000298023224,1.0,0.2314453125,-0.20000000298023224,755.0307455049896,0.0234375,1024,381.85546875,37,59.368112182000914,69,6,3.90625,2
70,0.26097631454467773,0.9638649225234985,0.2756892144680023,4.375e-07,1.0,0.23984375596046448,-0.20000000298023224,1.0,0.23984375596046448,-0.20000000298023224,773.3440232486013,0.0234375,1024,370.01953125,1,57.10815455000011,70,6,3.9140625,2
71,0.26219284534454346,0.6570672392845154,0.2616100311279297,4.4374999999999993e-07,1.0,0.2119140625,-0.20000000298023224,1.0,0.2119140625,-0.20000000298023224,759.1411857295884,0.03125,1024,379.03515625,1,58.590221208,71,6,3.875,2
72,0.2913760840892792,0.8317756652832031,0.18858616054058075,4.5e-07,1.0,0.24257813394069672,-0.20000000298023224,1.0,0.24257813394069672,-0.20000000298023224,796.5563989910056,0.015625,1024,388.234375,24,56.8371556080001,72,6,3.96875,2
73,0.29957669973373413,0.7100349068641663,0.07546602189540863,4.5624999999999997e-07,1.0,0.2412109524011612,-0.20000000298023224,1.0,0.2412109524011612,-0.20000000298023224,797.4610809484363,0.01171875,1024,392.55859375,1,56.99431744799949,73,6,3.9921875,2
74,0.2614048421382904,0.7621780037879944,0.10116921365261078,4.625e-07,1.0,0.23417969048023224,-0.20000000298023224,1.0,0.23417969048023224,-0.20000000298023224,781.6244396170817,0.0078125,1024,372.4375,1,56.680673933000435,74,6,3.9453125,2
75,0.2152329981327057,0.7753417491912842,0.16508078575134277,4.6874999999999996e-07,1.0,0.31816408038139343,-0.20000000298023224,1.0,0.31816408038139343,-0.20000000298023224,791.6530272691634,0.01171875,1024,378.5859375,34,56.490025882001646,75,6,3.953125,2
76,0.2628588378429413,0.649763822555542,0.09718894213438034,4.7499999999999995e-07,1.0,0.212890625,-0.20000000298023224,1.0,0.212890625,-0.20000000298023224,780.643019140597,0.0078125,1024,395.80078125,24,58.73523348799972,76,6,3.984375,2
77,0.2515467703342438,0.5645652413368225,0.17186413705348969,4.812499999999999e-07,1.0,0.2412109375,-0.20000000298023224,1.0,0.2412109375,-0.20000000298023224,781.7432099998441,0.015625,1024,382.34375,80,57.06861208299961,77,4,3.9453125,2
78,0.250888854265213,0.6665933132171631,0.2176867127418518,4.875e-07,1.0,0.21347658336162567,-0.20000000298023224,1.0,0.21347658336162567,-0.20000000298023224,766.4366026909404,0.015625,1024,385.30078125,9,58.686197712999274,78,6,3.9375,2
79,0.2254864126443863,0.7123327255249023,0.08813748508691788,4.9375e-07,1.0,0.2216796875,-0.20000000298023224,1.0,0.2216796875,-0.20000000298023224,782.002731410508,0.0078125,1024,374.95703125,27,56.79807527000048,79,6,3.9453125,2
80,0.2330825924873352,0.5766595602035522,0.10122786462306976,5e-07,1.0,0.20175781846046448,-0.20000000298023224,1.0,0.20175781846046448,-0.20000000298023224,799.9348492002943,0.0078125,1024,389.78515625,48,56.96620174199961,80,6,3.953125,2
81,0.24271462857723236,0.544669508934021,0.20192894339561462,5e-07,1.0,0.21015626192092896,-0.20000000298023224,1.0,0.21015626192092896,-0.20000000298023224,803.7738559647859,0.01953125,1024,402.51171875,93,57.41260387800139,81,6,3.984375,2
82,0.19414465129375458,0.5986961126327515,0.09766176342964172,5e-07,1.0,0.2681640684604645,-0.20000000298023224,1.0,0.2681640684604645,-0.20000000298023224,770.5411214862364,0.01171875,1024,387.5390625,1,58.59583446099896,82,6,3.953125,2
83,0.23441652953624725,0.5683732628822327,0.1616029441356659,5e-07,1.0,0.19804686307907104,-0.20000000298023224,1.0,0.19804686307907104,-0.20000000298023224,804.9809597740201,0.015625,1024,394.88671875,1,56.85941939899931,83,6,3.8984375,2
84,0.2101708948612213,0.5177744626998901,0.21060338616371155,5e-07,1.0,0.24375000596046448,-0.20000000298023224,1.0,0.24375000596046448,-0.20000000298023224,789.230742731995,0.0234375,1024,411.390625,1,59.29824760500014,84,6,3.96875,2
85,0.18469004333019257,0.5740775465965271,0.11854647845029831,5e-07,1.0,0.23164063692092896,-0.20000000298023224,1.0,0.23164063692092896,-0.20000000298023224,799.6378680991165,0.01171875,1024,390.046875,1,56.841980368000804,85,6,3.96875,2
86,0.19014425575733185,0.801118016242981,0.1284312903881073,5e-07,1.0,0.263671875,-0.20000000298023224,1.0,0.263671875,-0.20000000298023224,806.6030942411339,0.01171875,1024,392.97265625,26,56.4444276560007,86,6,3.953125,2
87,0.23249125480651855,0.5860286355018616,0.06541070342063904,5e-07,1.0,0.22773437201976776,-0.20000000298023224,1.0,0.22773437201976776,-0.20000000298023224,792.1347338074818,0.0078125,1024,390.578125,21,57.58490071600136,87,6,3.921875,2
88,0.1978989839553833,0.4478510618209839,0.10713023692369461,5e-07,1.0,0.26152345538139343,-0.20000000298023224,1.0,0.26152345538139343,-0.20000000298023224,810.0628207123299,0.015625,1024,399.43359375,1,56.81010018399866,88,6,3.9296875,2
89,0.1959410011768341,0.4703772962093353,0.04771558195352554,5e-07,1.0,0.24472655355930328,-0.20000000298023224,1.0,0.24472655355930328,-0.20000000298023224,798.553251178286,0.00390625,1024,390.91015625,48,56.987120061001406,89,6,3.9765625,2
90,0.21370960772037506,0.8087288737297058,0.03076748177409172,5e-07,1.0,0.22675782442092896,-0.20000000298023224,1.0,0.22675782442092896,-0.20000000298023224,803.8374899891253,0.00390625,1024,394.7578125,1,56.730994221999936,90,6,3.9921875,2
91,0.2563713490962982,0.431147962808609,0.04797559231519699,5e-07,1.0,0.2710937559604645,-0.20000000298023224,1.0,0.2710937559604645,-0.20000000298023224,805.6225015740862,0.00390625,1024,403.1015625,24,57.56604353699913,91,6,3.9609375,2
92,0.16763339936733246,0.4703337550163269,0.09413961321115494,5e-07,1.0,0.24277344346046448,-0.20000000298023224,1.0,0.24277344346046448,-0.20000000298023224,788.3044669371955,0.01171875,1024,385.26953125,1,57.29797545800102,92,6,3.9296875,2
93,0.20183752477169037,0.4879380464553833,0.1772957146167755,5e-07,1.0,0.23710937798023224,-0.20000000298023224,1.0,0.23710937798023224,-0.20000000298023224,809.7672053659801,0.015625,1024,402.81640625,72,57.00187621100122,93,6,3.9609375,2
94,0.15204790234565735,0.457929790019989,0.06200449541211128,5e-07,1.0,0.2099609375,-0.20000000298023224,1.0,0.2099609375,-0.20000000298023224,788.6274864161574,0.0078125,1024,387.4453125,1,57.15182488100072,94,6,3.9140625,2
95,0.18216195702552795,0.43207859992980957,0.006966311484575272,5e-07,1.0,0.2601562440395355,-0.20000000298023224,1.0,0.2601562440395355,-0.20000000298023224,791.6132269235432,0.00390625,1018,381.7734375,1,56.62803307899958,95,6,3.984375,2
96,0.15660780668258667,0.6999801397323608,0.12950673699378967,5e-07,1.0,0.3414062559604645,-0.20000000298023224,1.0,0.3414062559604645,-0.20000000298023224,807.0845797748472,0.01171875,1024,399.4296875,1,56.978538745999685,96,6,3.9453125,2
97,0.1756574958562851,0.5153563618659973,0.05554639920592308,5e-07,1.0,0.27011722326278687,-0.20000000298023224,1.0,0.27011722326278687,-0.20000000298023224,796.3929150258764,0.00390625,1024,389.73828125,90,56.96214662899911,97,6,3.9765625,2
98,0.1779523342847824,0.4406137764453888,-0.005900789052248001,5e-07,1.0,0.2554687559604645,-0.20000000298023224,1.0,0.2554687559604645,-0.20000000298023224,806.607140553311,0.00390625,985,407.3203125,1,57.78835526799958,98,6,3.9609375,2
99,0.18168188631534576,0.4754665791988373,0.08941590785980225,5e-07,1.0,0.25761717557907104,-0.20000000298023224,1.0,0.25761717557907104,-0.20000000298023224,782.9860585255649,0.01171875,1024,404.19140625,35,59.08055385700027,99,6,3.9609375,2
100,0.16268953680992126,0.4701468050479889,0.06887216866016388,5e-07,1.0,0.23554688692092896,-0.20000000298023224,1.0,0.23554688692092896,-0.20000000298023224,702.9636688118991,0.01171875,1024,402.30078125,1,65.6908060099995,100,6,3.90625,2
101,0.16485223174095154,0.5236116051673889,0.05886010080575943,5e-07,1.0,0.2681640684604645,-0.20000000298023224,1.0,0.2681640684604645,-0.20000000298023224,787.480964876082,0.0078125,1024,405.90234375,54,58.895074381001905,101,6,3.9765625,2
102,0.15002544224262238,0.44274842739105225,0.11460462957620621,5e-07,1.0,0.25312498211860657,-0.20000000298023224,1.0,0.25312498211860657,-0.20000000298023224,811.7499306405231,0.01171875,1024,402.62109375,1,56.832465588999185,102,6,3.9296875,2
103,0.14226815104484558,0.4241342842578888,0.10587669909000397,5e-07,1.0,0.2886718809604645,-0.20000000298023224,1.0,0.2886718809604645,-0.20000000298023224,810.1457954664174,0.0078125,1024,403.6953125,130,57.13107475099969,103,6,3.953125,2
104,0.15392814576625824,0.5012891888618469,-0.007179738953709602,5e-07,1.0,0.2611328363418579,-0.10000000149011612,1.0,0.2611328363418579,-0.10000000149011612,835.1643819586039,0.00390625,911,396.0625,44,54.820345537998946,104,4,3.9765625,2
105,0.17156289517879486,0.5734682679176331,0.09621290862560272,5e-07,1.0,0.2958984673023224,-0.20000000298023224,1.0,0.2958984673023224,-0.20000000298023224,784.265720336823,0.015625,1024,408.12109375,27,59.40429218300051,105,4,3.9296875,2
106,0.15521648526191711,0.5930169820785522,0.06787502765655518,5e-07,1.0,0.29902344942092896,-0.10000000149011612,1.0,0.29902344942092896,-0.10000000149011612,826.8561648946254,0.00390625,1024,414.4609375,63,56.85692626599848,106,6,4.0234375,2
107,0.1773321032524109,0.5060407519340515,0.17442607879638672,5e-07,1.0,0.25078126788139343,-0.20000000298023224,1.0,0.25078126788139343,-0.20000000298023224,812.9250622466433,0.015625,1024,405.375,1,56.83180670100046,107,6,3.9453125,2
108,0.17109984159469604,0.47944483160972595,-0.0020541157573461533,5e-07,1.0,0.2787109315395355,-0.20000000298023224,1.0,0.2787109315395355,-0.20000000298023224,833.2098283828294,0.00390625,625,392.9140625,175,54.81512392700097,108,4,3.9609375,2
109,0.19900037348270416,0.49984210729599,0.08041764050722122,5e-07,1.0,0.22207030653953552,-0.20000000298023224,1.0,0.22207030653953552,-0.20000000298023224,790.5693178164292,0.01953125,1024,411.32421875,1,59.42900760399789,109,6,3.9140625,2
110,0.18251068890094757,0.46795347332954407,0.02938130870461464,5e-07,1.0,0.2607421576976776,-0.20000000298023224,1.0,0.2607421576976776,-0.20000000298023224,806.2017132154082,0.00390625,1024,397.50390625,113,56.983567818002484,110,4,3.9453125,2
111,0.15239781141281128,0.40948864817619324,-0.015901129692792892,5e-07,1.0,0.29316407442092896,-0.20000000298023224,1.0,0.29316407442092896,-0.20000000298023224,822.1414791968891,0.00390625,1024,402.6953125,32,56.55900009499965,111,6,3.96875,2
112,0.13913613557815552,0.3606469929218292,-0.0050430456176400185,5e-07,1.0,0.2568359375,-0.20000000298023224,1.0,0.2568359375,-0.20000000298023224,858.2887226807532,0.00390625,616,390.8515625,28,52.79167581100046,112,4,3.96875,2
113,0.16254344582557678,0.4088636040687561,0.02142815664410591,5e-07,1.0,0.24472656846046448,-0.20000000298023224,1.0,0.24472656846046448,-0.20000000298023224,815.7961058248816,0.00390625,1024,407.3125,1,57.015471964001335,113,6,3.953125,2
114,0.14741390943527222,0.3719246983528137,0.07937243580818176,5e-07,1.0,0.27617186307907104,-0.20000000298023224,1.0,0.27617186307907104,-0.20000000298023224,787.3489625301614,0.01171875,1024,403.875,1,58.95860947199981,114,4,3.9609375,2
115,0.14562682807445526,0.4505999684333801,0.032159268856048584,5e-07,1.0,0.23613281548023224,-0.20000000298023224,1.0,0.23613281548023224,-0.20000000298023224,821.1180467333469,0.00390625,770,391.25390625,41,55.165332414999284,115,4,3.953125,2
116,0.13680699467658997,0.2580857276916504,0.07212378829717636,5e-07,1.0,0.22597654163837433,-0.20000000298023224,1.0,0.22597654163837433,-0.20000000298023224,807.6337700569786,0.0078125,1024,412.078125,289,57.71799264499714,116,4,3.984375,2
117,0.12645086646080017,0.4188552498817444,0.16725972294807434,5e-07,1.0,0.2884765863418579,-0.20000000298023224,1.0,0.2884765863418579,-0.20000000298023224,813.9345591243134,0.01953125,1024,412.875,19,57.585710637999,117,6,3.9296875,2
118,0.1493506282567978,0.44356054067611694,0.02396758645772934,5e-07,1.0,0.29179689288139343,-0.20000000298023224,1.0,0.29179689288139343,-0.20000000298023224,802.37297717188,0.00390625,1024,396.57421875,25,57.23865497299994,118,6,3.9765625,2
119,0.13210394978523254,0.4297347962856293,0.0058493176475167274,5e-07,1.0,0.25371092557907104,-0.20000000298023224,1.0,0.25371092557907104,-0.20000000298023224,832.7345412600561,0.00390625,809,393.078125,59,54.51557219099777,119,4,3.984375,2
120,0.13216707110404968,0.4712739586830139,0.133691668510437,5e-07,1.0,0.2720703184604645,-0.20000000298023224,1.0,0.2720703184604645,-0.20000000298023224,828.6266514342049,0.015625,1024,416.98046875,73,56.95659187199999,120,4,3.921875,2
121,0.14906515181064606,0.3746163547039032,0.045049265027046204,5e-07,1.0,0.28535160422325134,-0.20000000298023224,1.0,0.28535160422325134,-0.20000000298023224,817.815828985935,0.00390625,1024,406.640625,77,57.270840621997195,121,4,3.96875,2
122,0.1269151270389557,0.4051801562309265,0.03322891145944595,5e-07,1.0,0.2861328125,-0.20000000298023224,1.0,0.2861328125,-0.20000000298023224,821.6548389637021,0.00390625,1024,411.04296875,7,57.0066015299999,122,4,3.9765625,2
123,0.11244349181652069,0.29053208231925964,0.02422570250928402,5e-07,1.0,0.2503906190395355,-0.20000000298023224,1.0,0.2503906190395355,-0.20000000298023224,810.9876015126841,0.00390625,1024,407.30859375,288,57.3063631469995,123,6,3.984375,2
124,0.11804673820734024,0.46664246916770935,0.04675840586423874,5e-07,1.0,0.3128906488418579,-0.20000000298023224,1.0,0.3128906488418579,-0.20000000298023224,793.5743810457125,0.00390625,1024,393.6015625,32,57.21643879199837,124,4,3.96875,2
125,0.11512152850627899,0.4315001368522644,0.03731432557106018,5e-07,1.0,0.28496095538139343,-0.20000000298023224,1.0,0.28496095538139343,-0.20000000298023224,808.3467223905642,0.0078125,1024,408.17578125,1,57.323483495998516,125,4,3.9765625,2
126,0.1259666234254837,0.40397435426712036,0.022487511858344078,5e-07,1.0,0.28632813692092896,-0.20000000298023224,1.0,0.28632813692092896,-0.20000000298023224,774.9620052642568,0.00390625,1024,402.58984375,89,59.33677998100029,126,4,3.9921875,2
127,0.14085347950458527,0.3961261808872223,0.09324677288532257,5e-07,1.0,0.2759765684604645,-0.20000000298023224,1.0,0.2759765684604645,-0.20000000298023224,829.4839921710344,0.01171875,1024,414.60546875,1,57.09181906699814,127,4,3.9453125,2
128,0.13658909499645233,0.36872318387031555,0.043664753437042236,5e-07,1.0,0.2539062798023224,-0.20000000298023224,1.0,0.2539062798023224,-0.20000000298023224,804.439273035826,0.00390625,1024,401.73046875,1,57.2992288480018,128,4,3.953125,2
129,0.14779002964496613,0.4618508815765381,0.06180015951395035,5e-07,1.0,0.228515625,-0.20000000298023224,1.0,0.228515625,-0.20000000298023224,811.2843014452089,0.0078125,1024,406.9296875,55,57.46998914800133,129,4,3.96875,2
130,0.1083969697356224,0.47745442390441895,0.08589837700128555,5e-07,1.0,0.21992188692092896,-0.20000000298023224,1.0,0.21992188692092896,-0.20000000298023224,805.5290105669196,0.01171875,1024,402.203125,1,57.33002709300126,130,4,3.9296875,2
131,0.1301867663860321,0.40814733505249023,0.048228491097688675,5e-07,1.0,0.2767578065395355,-0.20000000298023224,1.0,0.2767578065395355,-0.20000000298023224,828.455399288084,0.01171875,1024,414.2890625,33,56.864256108998234,131,4,3.921875,2
132,0.1132531613111496,0.4324849247932434,0.051280003041028976,5e-07,1.0,0.24921874701976776,-0.20000000298023224,1.0,0.24921874701976776,-0.20000000298023224,784.1583530576579,0.00390625,1024,401.8828125,1,58.76045293700008,132,4,3.953125,2
133,0.13664956390857697,0.45735183358192444,0.006868118420243263,5e-07,1.0,0.28867191076278687,-0.20000000298023224,1.0,0.28867191076278687,-0.20000000298023224,870.8752879688647,0.00390625,695,403.42578125,84,53.24327218899998,133,4,3.984375,2
134,0.14330607652664185,0.43994930386543274,0.007782993838191032,5e-07,1.0,0.2650390863418579,-0.20000000298023224,1.0,0.2650390863418579,-0.20000000298023224,812.5486904303199,0.00390625,1024,402.34375,30,56.84705488299733,134,4,3.9609375,2
135,0.11989516764879227,0.4186534881591797,-0.0040009887889027596,5e-07,1.0,0.2744140625,-0.20000000298023224,1.0,0.2744140625,-0.20000000298023224,781.4140549539711,0.00390625,1024,395.61328125,1,58.452045635000104,135,4,3.96875,2
136,0.10978276282548904,0.37408509850502014,0.052382055670022964,5e-07,1.0,0.28398439288139343,-0.20000000298023224,1.0,0.28398439288139343,-0.20000000298023224,786.9284485507662,0.0078125,1024,408.765625,1,59.3421169180001,136,4,3.953125,2
137,0.08703115582466125,0.36650350689888,0.10473209619522095,5e-07,1.0,0.34199219942092896,-0.20000000298023224,1.0,0.34199219942092896,-0.20000000298023224,811.4641309310556,0.01171875,1024,412.25390625,257,57.673836976999155,137,4,3.96875,2
138,0.10115785896778107,0.29941678047180176,0.0083279674872756,5e-07,1.0,0.3310546875,0.0,1.0,0.3310546875,0.0,865.3144883773688,0.00390625,619,394.57421875,1,52.71002694699928,138,4,3.9921875,2
139,0.10875439643859863,0.35700681805610657,0.019013002514839172,5e-07,1.0,0.34238284826278687,-0.20000000298023224,1.0,0.34238284826278687,-0.20000000298023224,817.3917530042199,0.00390625,1024,411.9765625,141,57.31462279600237,139,6,3.9765625,2
140,0.11486772447824478,0.2716389000415802,0.013067755848169327,5e-07,1.0,0.2984375059604645,-0.20000000298023224,1.0,0.2984375059604645,-0.20000000298023224,829.8826993136065,0.00390625,1024,421.84375,136,57.12373572700017,140,4,3.984375,2
141,0.10673089325428009,0.30833473801612854,0.026808077469468117,5e-07,1.0,0.2548828125,-0.20000000298023224,1.0,0.2548828125,-0.20000000298023224,817.6369271597504,0.00390625,1024,413.0625,1,57.403229283001565,141,4,3.953125,2
142,0.0923023596405983,0.35702696442604065,0.02994457259774208,5e-07,1.0,0.3203124701976776,-0.20000000298023224,1.0,0.3203124701976776,-0.20000000298023224,822.7986315319398,0.00390625,1024,416.9453125,132,57.42535073500039,142,4,3.984375,2
143,0.10892397165298462,0.3358341455459595,0.021202420815825462,5e-07,1.0,0.24101562798023224,-0.20000000298023224,1.0,0.24101562798023224,-0.20000000298023224,812.8867244603526,0.00390625,1024,406.25,1,57.0128636690024,143,4,3.9609375,2
144,0.10119283944368362,0.37292003631591797,0.01680298149585724,5e-07,1.0,0.2607421576976776,-0.20000000298023224,1.0,0.2607421576976776,-0.20000000298023224,811.0013075244548,0.00390625,1024,398.15625,31,56.50915673599957,144,4,3.953125,2
145,0.12923015654087067,0.37696465849876404,0.041264139115810394,5e-07,1.0,0.224609375,-0.20000000298023224,1.0,0.224609375,-0.20000000298023224,810.8905939101695,0.00390625,1024,401.77734375,105,57.04191212399746,145,4,3.9453125,2
146,0.09252333641052246,0.36014628410339355,0.04305838420987129,5e-07,1.0,0.28144532442092896,-0.20000000298023224,1.0,0.28144532442092896,-0.20000000298023224,780.165268231356,0.0078125,1024,404.70703125,51,59.33133899300083,146,4,3.96875,2
147,0.09337931126356125,0.4271777272224426,0.01491675153374672,5e-07,1.0,0.30039066076278687,-0.20000000298023224,1.0,0.30039066076278687,-0.20000000298023224,880.3768430729323,0.00390625,657,412.66015625,254,53.14457140500235,147,4,3.984375,2
148,0.10551755875349045,0.29904118180274963,0.006656531244516373,5e-07,1.0,0.27167966961860657,-0.20000000298023224,1.0,0.27167966961860657,-0.20000000298023224,802.6741954690251,0.0078125,1024,426.0,1,59.41763204699964,148,4,3.9765625,2
149,0.09839119762182236,0.2495608627796173,-0.018743716180324554,5e-07,1.0,0.25507813692092896,-0.20000000298023224,1.0,0.25507813692092896,-0.20000000298023224,864.5755276825666,0.00390625,782,401.9921875,1,53.29262571599975,149,6,3.984375,2
150,0.10889066755771637,0.37437835335731506,0.053198736160993576,5e-07,1.0,0.30781251192092896,-0.20000000298023224,1.0,0.30781251192092896,-0.20000000298023224,805.9156974251584,0.00390625,1024,402.94140625,154,57.207286255001236,150,4,3.9765625,2
151,0.10472568869590759,0.2709539532661438,0.025071602314710617,5e-07,1.0,0.2591796815395355,-0.20000000298023224,1.0,0.2591796815395355,-0.20000000298023224,809.1482962652723,0.00390625,1024,409.54296875,244,57.824690746998385,151,4,3.984375,2
152,0.1035856381058693,0.3068126142024994,0.058797437697649,5e-07,1.0,0.2646484375,-0.20000000298023224,1.0,0.2646484375,-0.20000000298023224,820.2453427502754,0.0078125,1024,415.5625,36,57.25360151700079,152,4,3.9765625,2
153,0.10589803755283356,0.2975671589374542,0.003570766653865576,5e-07,1.0,0.25898438692092896,-0.20000000298023224,1.0,0.25898438692092896,-0.20000000298023224,858.5150533033045,0.00390625,797,421.64453125,1,55.13735585399991,153,6,3.9921875,2
154,0.09466347098350525,0.2928197681903839,0.05536077544093132,5e-07,1.0,0.2792969048023224,-0.20000000298023224,1.0,0.2792969048023224,-0.20000000298023224,822.0826002800611,0.0078125,1024,416.2421875,257,57.13841891799893,154,4,3.984375,2
155,0.08314850926399231,0.2702409029006958,-0.011863057501614094,5e-07,1.0,0.2574218809604645,0.15000000596046448,1.0,0.2574218809604645,0.15000000596046448,903.399864080846,0.00390625,801,432.9609375,276,53.45196730700263,155,4,4.0,4
156,0.09141862392425537,0.2930261790752411,0.0037302784621715546,5e-07,1.0,0.2650390565395355,-0.20000000298023224,1.0,0.2650390565395355,-0.20000000298023224,829.6400949860065,0.00390625,1024,416.9609375,1,56.60828145099731,156,4,3.96875,2
157,0.09785173088312149,0.34952136874198914,0.032715968787670135,5e-07,1.0,0.21855469048023224,-0.20000000298023224,1.0,0.21855469048023224,-0.20000000298023224,821.3845189742121,0.00390625,1024,419.5546875,1,57.37446824400104,157,4,3.9765625,2
158,0.09510450065135956,0.24888837337493896,0.006049002520740032,5e-07,1.0,0.27324220538139343,-0.20000000298023224,1.0,0.27324220538139343,-0.20000000298023224,883.1563075610749,0.00390625,766,415.58203125,3,53.27058143300019,158,4,3.9921875,2
159,0.0931682214140892,0.30864420533180237,0.014701131731271744,5e-07,1.0,0.2914062738418579,-0.20000000298023224,1.0,0.2914062738418579,-0.20000000298023224,894.566103141345,0.00390625,686,422.92578125,1,53.175779668999894,159,4,3.9765625,2
160,0.07810022681951523,0.3587524890899658,0.00579936895519495,5e-07,1.0,0.27128908038139343,-0.20000000298023224,1.0,0.27128908038139343,-0.20000000298023224,893.9435898575455,0.00390625,745,423.6484375,197,53.388715509001486,160,4,3.9765625,2
161,0.09703647345304489,0.34000346064567566,0.015814656391739845,5e-07,1.0,0.33359378576278687,-0.20000000298023224,1.0,0.33359378576278687,-0.20000000298023224,798.8113452490294,0.0078125,1024,418.296875,61,59.038971191999735,161,4,3.984375,2
162,0.10116023570299149,0.35014790296554565,0.062098026275634766,5e-07,1.0,0.26191407442092896,-0.20000000298023224,1.0,0.26191407442092896,-0.20000000298023224,801.8772182333195,0.01171875,1024,425.09375,148,59.512851737003075,162,4,3.96875,2
163,0.13618122041225433,0.2967526912689209,0.008609199896454811,5e-07,1.0,0.3167968988418579,-0.20000000298023224,1.0,0.3167968988418579,-0.20000000298023224,823.2353214746219,0.00390625,1024,411.375,1,56.62900847900164,163,4,3.953125,2
164,0.07971604913473129,0.26971426606178284,-0.02318766713142395,5e-07,1.0,0.28789064288139343,-0.20000000298023224,1.0,0.28789064288139343,-0.20000000298023224,877.9081729740702,0.00390625,609,409.9765625,1,53.18836461200044,164,4,3.96875,2
165,0.08313718438148499,0.2206583470106125,0.009417088702321053,5e-07,1.0,0.2607421875,-0.20000000298023224,1.0,0.2607421875,-0.20000000298023224,868.7714436836326,0.00390625,924,411.875,127,53.8691739240021,165,4,3.9765625,2
166,0.09208367019891739,0.2499498426914215,0.01600062847137451,5e-07,1.0,0.28496095538139343,-0.20000000298023224,1.0,0.28496095538139343,-0.20000000298023224,892.2481302111452,0.00390625,755,420.05859375,180,53.03989820499919,166,4,3.9921875,2
167,0.07636420428752899,0.2569669187068939,0.014207153581082821,5e-07,1.0,0.2906250059604645,-0.20000000298023224,1.0,0.2906250059604645,-0.20000000298023224,857.5456109935828,0.00390625,726,416.66015625,177,54.94664003399885,167,4,3.9921875,2
168,0.0830351859331131,0.2773798108100891,0.0005008801817893982,5e-07,1.0,0.27070310711860657,-0.20000000298023224,1.0,0.27070310711860657,-0.20000000298023224,881.8676102857196,0.00390625,823,416.83984375,145,53.38528079599928,168,4,3.9765625,2
169,0.09774157404899597,0.2986055314540863,0.029167383909225464,5e-07,1.0,0.2660156190395355,0.05000000074505806,1.0,0.2660156190395355,0.05000000074505806,854.5292986533993,0.00390625,864,416.6171875,275,55.063647406997916,169,4,4.0,4
170,0.08193938434123993,0.23304687440395355,-0.010945876128971577,5e-07,1.0,0.26953125,-0.20000000298023224,1.0,0.26953125,-0.20000000298023224,844.6685556116133,0.00390625,741,411.609375,12,55.418187037997996,170,4,3.96875,2
171,0.1280725747346878,0.520998477935791,0.066457599401474,5e-07,1.0,0.23046875,-0.20000000298023224,1.0,0.23046875,-0.20000000298023224,827.0444969908219,0.0078125,1024,417.0078125,1,56.89476221800214,171,4,3.96875,2
172,0.08123715966939926,0.2313063144683838,1.3420358300209045e-05,5e-07,1.0,0.2701171934604645,-0.20000000298023224,1.0,0.2701171934604645,-0.20000000298023224,847.3158812491428,0.00390625,852,413.578125,1,55.243860095000855,172,4,3.953125,2
173,0.08424071967601776,0.2752053737640381,0.006973368115723133,5e-07,1.0,0.30644533038139343,-0.20000000298023224,1.0,0.30644533038139343,-0.20000000298023224,857.740135045856,0.00390625,865,418.80859375,1,55.09331797499908,173,4,3.984375,2
174,0.093107670545578,0.30548563599586487,-0.008564328774809837,5e-07,1.0,0.3275390863418579,-0.20000000298023224,1.0,0.3275390863418579,-0.20000000298023224,877.3205545004711,0.00390625,714,405.76953125,24,52.82362274800107,174,4,3.984375,2
175,0.07619456201791763,0.26698753237724304,-0.017683545127511024,5e-07,1.0,0.2652343511581421,-0.20000000298023224,1.0,0.2652343511581421,-0.20000000298023224,891.8088511429993,0.00390625,782,417.87109375,1,53.00771565499963,175,4,3.9765625,2
176,0.07844547182321548,0.36637869477272034,-0.0013167615979909897,5e-07,1.0,0.32050782442092896,-0.20000000298023224,1.0,0.32050782442092896,-0.20000000298023224,879.4912071454884,0.00390625,784,409.55859375,29,52.884837985999184,176,4,3.9921875,2
177,0.09155590087175369,0.32036104798316956,0.03031742572784424,5e-07,1.0,0.29609376192092896,-0.20000000298023224,1.0,0.29609376192092896,-0.20000000298023224,856.4134352006926,0.00390625,1024,410.62109375,201,54.5387870859995,177,4,3.984375,2
178,0.07974591851234436,0.31412050127983093,0.03821612149477005,5e-07,1.0,0.3130859434604645,-0.20000000298023224,1.0,0.3130859434604645,-0.20000000298023224,827.4389875173121,0.0078125,1024,418.20703125,1,57.11146164599995,178,4,3.96875,2
179,0.0796036645770073,0.2859640419483185,0.00690690241754055,5e-07,1.0,0.24199220538139343,-0.20000000298023224,1.0,0.24199220538139343,-0.20000000298023224,817.2737913909357,0.00390625,1024,410.4765625,33,57.32901323099941,179,6,3.96875,2
180,0.08329570293426514,0.33461660146713257,0.07419639825820923,5e-07,1.0,0.2826171815395355,-0.20000000298023224,1.0,0.2826171815395355,-0.20000000298023224,798.18886646572,0.0078125,1024,424.55078125,277,59.571427261998906,180,4,3.9921875,2
181,0.08104346692562103,0.21936002373695374,0.009044338017702103,5e-07,1.0,0.31367188692092896,-0.20000000298023224,1.0,0.31367188692092896,-0.20000000298023224,822.7067420443974,0.00390625,1024,417.85546875,27,57.39074154500122,181,4,3.9765625,2
182,0.08298128843307495,0.3083327114582062,0.009963706135749817,5e-07,1.0,0.23593752086162567,-0.20000000298023224,1.0,0.23593752086162567,-0.20000000298023224,783.8035227490045,0.00390625,1024,410.62890625,27,59.747434963999694,182,4,3.9765625,2
183,0.09283968061208725,0.21560484170913696,-0.01862088218331337,5e-07,1.0,0.2470703125,-0.20000000298023224,1.0,0.2470703125,-0.20000000298023224,856.787607511956,0.00390625,839,417.6484375,121,55.03756075199999,183,4,3.984375,2
184,0.06709028035402298,0.2887929379940033,-0.01109464280307293,5e-07,1.0,0.2865234315395355,0.0,1.0,0.2865234315395355,0.0,842.6355679283072,0.00390625,770,403.62890625,1,54.92795671299973,184,4,3.9921875,2
185,0.07895728200674057,0.28773972392082214,0.00484098494052887,5e-07,1.0,0.2818359434604645,-0.20000000298023224,1.0,0.2818359434604645,-0.20000000298023224,815.5564723677421,0.00390625,1024,409.3828125,1,57.00586234699949,185,4,3.9765625,2
186,0.08969464898109436,0.2336059957742691,0.03289395570755005,5e-07,1.0,0.31660157442092896,-0.20000000298023224,1.0,0.31660157442092896,-0.20000000298023224,874.7513550730631,0.00390625,765,405.19140625,31,52.71012126200003,186,4,3.9921875,2
187,0.07719648629426956,0.24220696091651917,0.0005936985835433006,5e-07,1.0,0.2533203363418579,0.0,1.0,0.2533203363418579,0.0,844.0334114265423,0.00390625,991,407.09375,29,54.948061737999524,187,4,3.984375,2
188,0.07918098568916321,0.23711015284061432,0.0382719561457634,5e-07,1.0,0.3304687738418579,-0.20000000298023224,1.0,0.3304687738418579,-0.20000000298023224,824.4326182429486,0.00390625,1024,418.4296875,95,57.275147726002615,188,4,3.9765625,2
189,0.09179216623306274,0.27492469549179077,0.020023908466100693,5e-07,1.0,0.24765625596046448,-0.20000000298023224,1.0,0.24765625596046448,-0.20000000298023224,860.0855174121407,0.00390625,884,422.48046875,43,55.17445537599997,189,4,3.984375,2
190,0.07043622434139252,0.3255890905857086,0.004346874542534351,5e-07,1.0,0.2226562649011612,-0.20000000298023224,1.0,0.2226562649011612,-0.20000000298023224,843.5890144419417,0.00390625,954,407.76953125,252,55.1029579620008,190,4,3.9921875,2
191,0.0770447701215744,0.31533128023147583,-0.012789467349648476,5e-07,1.0,0.2835937440395355,-0.20000000298023224,1.0,0.2835937440395355,-0.20000000298023224,859.8588777250694,0.00390625,860,419.26171875,48,55.050603332998435,191,4,3.9921875,2
192,0.07492318749427795,0.25874432921409607,0.013138768263161182,5e-07,1.0,0.3208984434604645,-0.20000000298023224,1.0,0.3208984434604645,-0.20000000298023224,884.5271143301101,0.00390625,675,414.828125,44,53.07016510799804,192,4,3.9921875,2
193,0.09472426772117615,0.40634632110595703,0.036816902458667755,5e-07,1.0,0.31230470538139343,-0.20000000298023224,1.0,0.31230470538139343,-0.20000000298023224,820.9887898845432,0.00390625,1024,415.25,217,57.18226677200073,193,4,3.9765625,2
194,0.10566949099302292,0.30129945278167725,0.05156900733709335,5e-07,1.0,0.2923828065395355,-0.20000000298023224,1.0,0.2923828065395355,-0.20000000298023224,844.5261750690776,0.00390625,1024,433.14453125,291,57.17791991000195,194,4,3.9921875,2
195,0.08276423066854477,0.25029489398002625,0.021801894530653954,5e-07,1.0,0.2679687738418579,-0.10000000149011612,1.0,0.2679687738418579,-0.10000000149011612,820.1573324795826,0.00390625,1024,417.8046875,12,57.38837920000151,195,6,4.0,2
196,0.0918351411819458,0.3178149163722992,-0.000995514914393425,5e-07,1.0,0.24628904461860657,-0.20000000298023224,1.0,0.24628904461860657,-0.20000000298023224,875.786367152347,0.00390625,781,405.1875,81,52.79598054300004,196,4,3.9609375,2
197,0.08357090502977371,0.39677953720092773,0.04822287708520889,5e-07,1.0,0.3169921636581421,-0.20000000298023224,1.0,0.3169921636581421,-0.20000000298023224,823.3841756169654,0.00390625,1024,420.4765625,183,57.672349561999,197,4,3.9765625,2
198,0.07295852154493332,0.2885305881500244,0.023634592071175575,5e-07,1.0,0.283203125,-0.20000000298023224,1.0,0.283203125,-0.20000000298023224,855.9060300375138,0.00390625,1024,417.8671875,40,55.17019198699927,198,4,3.984375,2
199,0.07540678977966309,0.25292375683784485,-0.016225744038820267,5e-07,1.0,0.24785158038139343,-0.20000000298023224,1.0,0.24785158038139343,-0.20000000298023224,857.8334231796761,0.00390625,853,414.9765625,20,54.97162820400263,199,4,3.9609375,2
200,0.08318789303302765,0.36014416813850403,-0.02715061604976654,5e-07,1.0,0.2935546934604645,-0.20000000298023224,1.0,0.2935546934604645,-0.20000000298023224,751.0519049037727,0.00390625,892,407.26171875,2,61.88620213399918,200,6,3.984375,2
201,0.06276140362024307,0.22628077864646912,0.021385394036769867,5e-07,1.0,0.2806640565395355,-0.20000000298023224,1.0,0.2806640565395355,-0.20000000298023224,890.3325117835345,0.00390625,654,418.19921875,215,53.01362061399777,201,4,3.9921875,2
202,0.07922535389661789,0.2589927017688751,0.029311208054423332,5e-07,1.0,0.2861328125,-0.20000000298023224,1.0,0.2861328125,-0.20000000298023224,818.7903341650907,0.00390625,1024,414.93359375,2,57.45029959100066,202,6,3.9765625,2
203,0.08044333755970001,0.22957411408424377,0.034449487924575806,5e-07,1.0,0.26289063692092896,-0.20000000298023224,1.0,0.26289063692092896,-0.20000000298023224,825.6300733926313,0.00390625,1024,422.3671875,1,57.51546791999863,203,4,3.9765625,2
204,0.07900294661521912,0.3372938930988312,0.016311151906847954,5e-07,1.0,0.255859375,-0.20000000298023224,1.0,0.255859375,-0.20000000298023224,815.3721246322489,0.00390625,1024,412.76953125,1,57.543357913004,204,4,3.953125,2
205,0.06993494927883148,0.3024137616157532,-5.649961531162262e-05,5e-07,1.0,0.2855468690395355,-0.20000000298023224,1.0,0.2855468690395355,-0.20000000298023224,880.1859957950772,0.00390625,749,406.71875,173,52.70022497699392,205,4,3.984375,2
206,0.08796243369579315,0.3501894474029541,0.07658260315656662,5e-07,1.0,0.2988281548023224,-0.20000000298023224,1.0,0.2988281548023224,-0.20000000298023224,816.908290001681,0.01171875,1024,411.18359375,28,57.187263945997984,206,4,3.9453125,2
207,0.06928988546133041,0.21457940340042114,0.015608660876750946,5e-07,1.0,0.26875001192092896,0.0,1.0,0.26875001192092896,0.0,831.4426971962362,0.00390625,1024,422.703125,3,57.110369914997136,207,4,3.9921875,2
208,0.07903560996055603,0.33251142501831055,0.015033259987831116,5e-07,1.0,0.25566405057907104,-0.20000000298023224,1.0,0.25566405057907104,-0.20000000298023224,883.4948802143535,0.00390625,656,409.77734375,115,52.82288674799929,208,4,3.9921875,2
209,0.0673784539103508,0.2087136209011078,0.028409240767359734,5e-07,1.0,0.291015625,-0.20000000298023224,1.0,0.291015625,-0.20000000298023224,810.8185396684364,0.00390625,1024,404.5703125,171,57.02940638099972,209,4,3.9921875,2
210,0.08465549349784851,0.30988824367523193,-0.008099667727947235,5e-07,1.0,0.28339844942092896,-0.20000000298023224,1.0,0.28339844942092896,-0.20000000298023224,873.9209758521386,0.00390625,631,403.796875,55,52.82056533199648,210,4,3.9921875,2
211,0.08030448108911514,0.32935819029808044,0.05242381989955902,5e-07,1.0,0.2845703065395355,-0.20000000298023224,1.0,0.2845703065395355,-0.20000000298023224,828.4730453111999,0.0078125,1024,419.98046875,1,57.115618024996365,211,4,3.9609375,2
212,0.06244095414876938,0.23211365938186646,-0.007476957514882088,5e-07,1.0,0.2906249761581421,-0.20000000298023224,1.0,0.2906249761581421,-0.20000000298023224,906.5546676244659,0.00390625,710,421.15625,1,52.539578363001056,212,4,3.9765625,2
213,0.08497648686170578,0.3639012575149536,0.04002200439572334,5e-07,1.0,0.3066406548023224,0.0,1.0,0.3066406548023224,0.0,845.2119571262311,0.00390625,914,414.39453125,1,55.505899560994294,213,4,3.96875,2
214,0.07519185543060303,0.32984691858291626,0.04748712480068207,5e-07,1.0,0.2769531309604645,-0.20000000298023224,1.0,0.2769531309604645,-0.20000000298023224,807.2510293684732,0.00390625,1024,408.51171875,1,57.49233919999824,214,4,3.984375,2
215,0.06319479644298553,0.23940689861774445,0.028979983180761337,5e-07,1.0,0.31953129172325134,-0.20000000298023224,1.0,0.31953129172325134,-0.20000000298023224,825.4835052373935,0.00390625,1024,417.6953125,120,57.484492056995805,215,4,3.9765625,2
216,0.07470005750656128,0.3446010947227478,0.030241183936595917,5e-07,1.0,0.2835937440395355,-0.20000000298023224,1.0,0.2835937440395355,-0.20000000298023224,814.9915602860484,0.00390625,1024,408.9921875,1,57.1889357770051,216,4,3.984375,2
217,0.0866764634847641,0.40580546855926514,0.08174426108598709,5e-07,1.0,0.26582032442092896,-0.20000000298023224,1.0,0.26582032442092896,-0.20000000298023224,820.8848243678548,0.0078125,1024,409.6640625,1,56.77836721600033,217,4,3.9765625,2
218,0.06472106277942657,0.21567049622535706,-0.011019431054592133,5e-07,1.0,0.34999996423721313,0.10000000149011612,1.0,0.34999996423721313,0.10000000149011612,867.6834613294985,0.00390625,609,403.30859375,271,53.22534317899408,218,4,4.0,4
219,0.08366415649652481,0.3021770715713501,0.005994897335767746,5e-07,1.0,0.2900390923023224,-0.20000000298023224,1.0,0.2900390923023224,-0.20000000298023224,860.9630727360573,0.00390625,707,399.19921875,31,53.25751063200005,219,4,3.9765625,2
220,0.07584348320960999,0.4566987454891205,0.09352254122495651,5e-07,1.0,0.29570311307907104,-0.20000000298023224,1.0,0.29570311307907104,-0.20000000298023224,792.880741349097,0.0078125,1024,417.0703125,46,59.39291692199913,220,4,3.96875,2
221,0.06533857434988022,0.18020762503147125,-0.015005731955170631,5e-07,1.0,0.2826172113418579,0.0,1.0,0.2826172113418579,0.0,857.7829065790174,0.00390625,644,394.82421875,1,53.16001245799998,221,4,3.984375,2
222,0.07712195068597794,0.18953314423561096,0.005531197413802147,5e-07,1.0,0.2591796815395355,-0.20000000298023224,1.0,0.2591796815395355,-0.20000000298023224,859.0205280320201,0.00390625,923,418.22265625,25,55.05136193699582,222,4,3.984375,2
223,0.06132860854268074,0.19442009925842285,0.013389809988439083,5e-07,1.0,0.314453125,0.15000000596046448,1.0,0.314453125,0.15000000596046448,875.8659173610396,0.00390625,738,406.84375,304,53.01382218399522,223,4,4.0,4
224,0.07294534146785736,0.3320266604423523,0.02159169316291809,5e-07,1.0,0.33984375,-0.20000000298023224,1.0,0.33984375,-0.20000000298023224,812.9462606645188,0.00390625,1024,402.91015625,1,56.85277396099991,224,4,3.9609375,2
225,0.06204203516244888,0.24068517982959747,-0.011582099832594395,5e-07,1.0,0.30585938692092896,-0.20000000298023224,1.0,0.30585938692092896,-0.20000000298023224,866.5069742779813,0.00390625,597,395.24609375,73,52.832523405995744,225,4,3.9921875,2
226,0.08487924933433533,0.24844571948051453,0.03970064967870712,5e-07,1.0,0.28886720538139343,-0.20000000298023224,1.0,0.28886720538139343,-0.20000000298023224,828.2732897028684,0.0078125,1024,417.3515625,7,57.108566203998635,226,4,3.9453125,2
227,0.08747367560863495,0.28389376401901245,0.11526413261890411,5e-07,1.0,0.24238282442092896,-0.20000000298023224,1.0,0.24238282442092896,-0.20000000298023224,803.7695688218772,0.0078125,1024,400.34375,67,57.2825866839994,227,4,3.9375,2
228,0.05724525451660156,0.25367650389671326,0.060719214379787445,5e-07,1.0,0.29414063692092896,-0.20000000298023224,1.0,0.29414063692092896,-0.20000000298023224,820.7303456135751,0.00390625,1024,405.296875,25,56.731178819994966,228,4,3.96875,2
229,0.06356415152549744,0.33505865931510925,0.010434184223413467,5e-07,1.0,0.2748046815395355,-0.20000000298023224,1.0,0.2748046815395355,-0.20000000298023224,856.3587746616907,0.00390625,593,394.91796875,112,53.24257933599438,229,4,3.96875,2
230,0.061938606202602386,0.24563276767730713,0.006277799606323242,5e-07,1.0,0.29218751192092896,-0.20000000298023224,1.0,0.29218751192092896,-0.20000000298023224,866.9991689534932,0.00390625,608,402.05859375,221,53.38845947899972,230,4,3.9921875,2
231,0.0670468807220459,0.30737558007240295,-0.010542493313550949,5e-07,1.0,0.21601560711860657,-0.20000000298023224,1.0,0.21601560711860657,-0.20000000298023224,861.0733061068626,0.00390625,659,392.24609375,28,52.743186530002276,231,4,3.984375,2
232,0.06395703554153442,0.2990967929363251,-0.021886136382818222,5e-07,1.0,0.31035158038139343,-0.20000000298023224,1.0,0.31035158038139343,-0.20000000298023224,853.7929341681398,0.00390625,690,390.3828125,1,53.22543462400063,232,4,3.984375,2
233,0.07901154458522797,0.2813984155654907,0.015470927581191063,5e-07,1.0,0.31855469942092896,-0.20000000298023224,1.0,0.31855469942092896,-0.20000000298023224,834.7148795079645,0.00390625,813,390.1484375,1,54.28140927200002,233,4,3.96875,2
234,0.0775962620973587,0.26814180612564087,-0.006110828369855881,5e-07,1.0,0.3150390684604645,-0.20000000298023224,1.0,0.3150390684604645,-0.20000000298023224,859.9493720172245,0.00390625,811,390.3203125,1,52.87695006199647,234,4,3.9765625,2
235,0.05501139536499977,0.22669634222984314,0.027889233082532883,5e-07,1.0,0.3609375059604645,-0.20000000298023224,1.0,0.3609375059604645,-0.20000000298023224,818.602040140163,0.00390625,1000,409.94921875,279,57.14712119699834,235,4,3.9921875,2
236,0.07631458342075348,0.2442609965801239,0.02362668886780739,5e-07,1.0,0.23964844644069672,-0.20000000298023224,1.0,0.23964844644069672,-0.20000000298023224,836.6942746724062,0.00390625,734,395.9609375,147,54.95376434600621,236,4,3.9765625,2
237,0.06295480579137802,0.23701424896717072,0.04660587012767792,5e-07,1.0,0.29511719942092896,-0.20000000298023224,1.0,0.29511719942092896,-0.20000000298023224,817.7120194479847,0.00390625,1024,405.296875,121,57.15092708500015,237,4,3.9765625,2
238,0.06556414067745209,0.21214883029460907,-0.009593622758984566,5e-07,1.0,0.22968749701976776,-0.20000000298023224,1.0,0.22968749701976776,-0.20000000298023224,814.7187855353894,0.00390625,846,388.3984375,1,55.62962436200178,238,4,3.9765625,2
239,0.08578161150217056,0.3113488256931305,0.03369736671447754,5e-07,1.0,0.2992187440395355,-0.20000000298023224,1.0,0.2992187440395355,-0.20000000298023224,802.8468285006901,0.00390625,1024,396.69921875,1,57.249712359000114,239,4,3.96875,2
240,0.06055547669529915,0.3326129615306854,-0.007869194261729717,5e-07,1.0,0.29414066672325134,-0.20000000298023224,1.0,0.29414066672325134,-0.20000000298023224,865.0202648520775,0.00390625,730,395.67578125,77,52.94471339099982,240,4,3.984375,2
241,0.06069938465952873,0.34177279472351074,0.0011168569326400757,5e-07,1.0,0.328125,-0.20000000298023224,1.0,0.328125,-0.20000000298023224,857.8801058012806,0.00390625,608,384.94140625,1,52.62536069400085,241,4,3.9609375,2
242,0.07363563030958176,0.30707189440727234,-0.0019045071676373482,5e-07,1.0,0.2744140625,-0.20000000298023224,1.0,0.2744140625,-0.20000000298023224,852.067776230153,0.00390625,653,382.04296875,85,52.562426662996586,242,4,3.9609375,2
243,0.06840396672487259,0.2452569156885147,0.044840745627880096,5e-07,1.0,0.2523437440395355,-0.20000000298023224,1.0,0.2523437440395355,-0.20000000298023224,797.5001563178395,0.00390625,1024,393.0,37,57.168640832001984,243,4,3.984375,2
244,0.07676713913679123,0.3392263352870941,0.007984998635947704,5e-07,1.0,0.2470702975988388,-0.20000000298023224,1.0,0.2470702975988388,-0.20000000298023224,863.6802426416908,0.00390625,932,392.21484375,130,52.76460864800174,244,4,3.984375,2
245,0.08243390917778015,0.3057246506214142,0.036823250353336334,5e-07,1.0,0.24628905951976776,-0.20000000298023224,1.0,0.24628905951976776,-0.20000000298023224,813.9768043004757,0.00390625,1024,399.69140625,1,56.9073341589974,245,4,3.96875,2
246,0.054767824709415436,0.26297444105148315,-0.0035693517420440912,5e-07,1.0,0.29863283038139343,-0.20000000298023224,1.0,0.29863283038139343,-0.20000000298023224,848.1884245349344,0.00390625,635,389.3203125,1,53.2611607200015,246,4,3.96875,2
247,0.05936520919203758,0.22884824872016907,0.0007478799670934677,5e-07,1.0,0.2533203363418579,-0.20000000298023224,1.0,0.2533203363418579,-0.20000000298023224,859.1468982152234,0.00390625,723,391.23046875,209,52.83584226899984,247,4,3.9921875,2
248,0.0559297651052475,0.23485004901885986,0.0008182656019926071,5e-07,1.0,0.39960935711860657,0.0,1.0,0.39960935711860657,0.0,854.1932814720203,0.00390625,583,386.2265625,27,52.837573157004954,248,4,3.9921875,2
249,0.06954987347126007,0.26897746324539185,0.06523964554071426,5e-07,1.0,0.31660160422325134,-0.20000000298023224,1.0,0.31660160422325134,-0.20000000298023224,802.2947727756973,0.00390625,1024,393.62109375,95,56.9076997000011,249,4,3.9765625,2
250,0.05878879129886627,0.26767653226852417,0.005423199385404587,5e-07,1.0,0.25664061307907104,-0.20000000298023224,1.0,0.25664061307907104,-0.20000000298023224,868.752157611668,0.00390625,705,397.640625,51,52.956415241002105,250,4,3.984375,2
251,0.06244285777211189,0.2475060075521469,-0.011771388351917267,5e-07,1.0,0.3257812559604645,-0.20000000298023224,1.0,0.3257812559604645,-0.20000000298023224,857.4343638561904,0.00390625,616,387.0390625,60,52.76847057600389,251,4,3.984375,2
252,0.0636994019150734,0.3133133053779602,0.02797655574977398,5e-07,1.0,0.3246093690395355,0.0,1.0,0.3246093690395355,0.0,794.251217062223,0.00390625,899,392.08203125,30,57.39777166300337,252,6,3.984375,2
253,0.07548803836107254,0.3203422427177429,0.03166262060403824,5e-07,1.0,0.2994140684604645,-0.20000000298023224,1.0,0.2994140684604645,-0.20000000298023224,805.8610859430004,0.0078125,1024,394.640625,28,56.84726660599699,253,4,3.9609375,2
254,0.061826691031455994,0.29231974482536316,0.023091133683919907,5e-07,1.0,0.2789062559604645,-0.20000000298023224,1.0,0.2789062559604645,-0.20000000298023224,784.866906876331,0.00390625,1024,385.79296875,134,57.223396230001526,254,4,3.984375,2
255,0.05653053894639015,0.27122512459754944,0.0059425500221550465,5e-07,1.0,0.3052734434604645,0.15000000596046448,1.0,0.3052734434604645,0.15000000596046448,865.3291816532017,0.00390625,684,394.6015625,278,52.91916760800086,255,4,4.0,4
256,0.0547940619289875,0.28517982363700867,0.04469126835465431,5e-07,1.0,0.3531250059604645,-0.20000000298023224,1.0,0.3531250059604645,-0.20000000298023224,804.3160755133754,0.00390625,1024,396.08984375,123,57.092915829998674,256,4,3.9765625,2
257,0.04992278665304184,0.20825520157814026,0.022891703993082047,5e-07,1.0,0.3046875,-0.20000000298023224,1.0,0.3046875,-0.20000000298023224,799.5694762413556,0.00390625,1024,391.94921875,1,56.95783962900168,257,4,3.9765625,2
258,0.05084430053830147,0.2817102074623108,-0.0015122583135962486,5e-07,1.0,0.29179686307907104,0.0,1.0,0.29179686307907104,0.0,847.9532837130184,0.00390625,674,383.10546875,1,52.77619753300678,258,4,3.984375,2
259,0.06036115437746048,0.26255279779434204,-0.0010616853833198547,5e-07,1.0,0.30644530057907104,-0.20000000298023224,1.0,0.30644530057907104,-0.20000000298023224,845.0723131914955,0.00390625,703,382.29296875,1,53.29336826799408,259,4,3.96875,2
260,0.05146103724837303,0.2846597135066986,-0.004282663576304913,5e-07,1.0,0.3359375,-0.20000000298023224,1.0,0.3359375,-0.20000000298023224,857.2973891996209,0.00390625,611,389.140625,79,52.75065638800152,260,4,3.9921875,2
261,0.050280530005693436,0.25995659828186035,-0.007720906287431717,5e-07,1.0,0.36054691672325134,-0.20000000298023224,1.0,0.36054691672325134,-0.20000000298023224,846.9380080218068,0.00390625,562,384.4921875,95,53.12490356300259,261,4,3.984375,2
262,0.0566873624920845,0.2471408098936081,-0.0011556297540664673,5e-07,1.0,0.2945312261581421,-0.20000000298023224,1.0,0.2945312261581421,-0.20000000298023224,861.4928735901879,0.00390625,771,392.26171875,31,53.0030501700021,262,4,3.9765625,2
263,0.056770507246255875,0.2769502103328705,-0.030055604875087738,5e-07,1.0,0.22128906846046448,-0.20000000298023224,1.0,0.22128906846046448,-0.20000000298023224,870.000620008279,0.00390625,712,394.328125,1,52.598813090000476,263,4,3.96875,2
264,0.08242321759462357,0.4537314474582672,0.05814368277788162,5e-07,1.0,0.2759765386581421,-0.20000000298023224,1.0,0.2759765386581421,-0.20000000298023224,790.6569920374789,0.00390625,1024,390.4609375,1,57.47435418600071,264,4,3.953125,2
265,0.04847344756126404,0.24127328395843506,-0.015809915959835052,5e-07,1.0,0.3343749940395355,-0.20000000298023224,1.0,0.3343749940395355,-0.20000000298023224,842.9178521946895,0.00390625,624,378.09765625,6,52.72785465900233,265,4,3.9921875,2
266,0.05652596056461334,0.20325258374214172,-0.008604122325778008,5e-07,1.0,0.302734375,-0.20000000298023224,1.0,0.302734375,-0.20000000298023224,839.7228096046841,0.00390625,675,380.9375,139,53.227088140003616,266,4,3.984375,2
267,0.0690946877002716,0.31141865253448486,0.012547973543405533,5e-07,1.0,0.26191407442092896,0.05000000074505806,1.0,0.26191407442092896,0.05000000074505806,872.3014535763455,0.00390625,758,400.23828125,250,52.8856736519956,267,4,4.0,4
268,0.05149299278855324,0.16584031283855438,-0.011797046288847923,5e-07,1.0,0.2865234613418579,0.0,1.0,0.2865234613418579,0.0,841.8545956083758,0.00390625,576,384.31640625,1,53.17337487199984,268,4,3.9921875,2
269,0.07147680222988129,0.27820464968681335,-0.007369976490736008,5e-07,1.0,0.3083984851837158,-0.20000000298023224,1.0,0.3083984851837158,-0.20000000298023224,819.7891422857793,0.00390625,762,385.33203125,1,54.965658455002995,269,4,3.984375,2
270,0.05061441659927368,0.25382617115974426,0.0044172778725624084,5e-07,1.0,0.3345703184604645,0.15000000596046448,1.0,0.3345703184604645,0.15000000596046448,857.4606969437284,0.00390625,591,389.2421875,294,52.70970455100178,270,4,4.0,4
271,0.04881132394075394,0.23899145424365997,0.007499921601265669,5e-07,1.0,0.23984375596046448,0.15000000596046448,1.0,0.23984375596046448,0.15000000596046448,872.2330943526099,0.00390625,633,396.58984375,287,52.84682534800231,271,4,4.0,4
272,0.05033739283680916,0.23829281330108643,-0.019035357981920242,5e-07,1.0,0.3453125059604645,-0.20000000298023224,1.0,0.3453125059604645,-0.20000000298023224,863.4895179538998,0.00390625,576,393.7109375,58,53.023805208998965,272,4,3.9921875,2
273,0.04997800663113594,0.2318079024553299,-0.01928183063864708,5e-07,1.0,0.31816408038139343,-0.20000000298023224,1.0,0.31816408038139343,-0.20000000298023224,853.8623186264392,0.00390625,658,386.1328125,30,52.76201914199919,273,4,3.9921875,2
274,0.0488455556333065,0.19461362063884735,-0.009044984355568886,5e-07,1.0,0.3443359434604645,-0.20000000298023224,1.0,0.3443359434604645,-0.20000000298023224,853.8456414832115,0.00390625,623,393.2578125,27,53.33223921000172,274,4,3.984375,2
275,0.06826070696115494,0.30182039737701416,0.02913939394056797,5e-07,1.0,0.37812501192092896,-0.20000000298023224,1.0,0.37812501192092896,-0.20000000298023224,796.0275501527362,0.00390625,1024,397.3984375,1,57.63808047999919,275,4,3.9921875,2
276,0.06363438069820404,0.26004472374916077,0.030332043766975403,5e-07,1.0,0.2816406488418579,-0.10000000149011612,1.0,0.2816406488418579,-0.10000000149011612,830.0507459129001,0.00390625,762,391.8359375,277,54.87194635299966,276,4,3.984375,2
277,0.05103425309062004,0.3070521652698517,0.050912514328956604,5e-07,1.0,0.2884765863418579,-0.20000000298023224,1.0,0.2884765863418579,-0.20000000298023224,812.8391184322435,0.00390625,1024,399.640625,133,56.65081681700394,277,4,3.9765625,2
278,0.0484338141977787,0.2788067162036896,-0.004973245784640312,5e-07,1.0,0.23945313692092896,-0.20000000298023224,1.0,0.23945313692092896,-0.20000000298023224,854.7298508105633,0.00390625,738,392.28515625,1,53.301344227998925,278,4,3.9765625,2
279,0.05166387930512428,0.2951739728450775,-0.0034506358206272125,5e-07,1.0,0.2841796875,0.0,1.0,0.2841796875,0.0,850.3069538732008,0.00390625,831,381.38671875,29,52.45723299900419,279,6,4.0,2
280,0.05095300078392029,0.2927253246307373,0.014416949823498726,5e-07,1.0,0.33183595538139343,0.05000000074505806,1.0,0.33183595538139343,0.05000000074505806,853.4427119129721,0.00390625,735,393.125,269,53.34863062799559,280,4,4.0,4
281,0.05607117339968681,0.2519248127937317,0.000597334117628634,5e-07,1.0,0.2978515625,-0.20000000298023224,1.0,0.2978515625,-0.20000000298023224,849.3021478083837,0.00390625,948,406.6875,87,54.993385005000164,281,4,3.9921875,2
282,0.05008530244231224,0.2083093672990799,0.004627803340554237,5e-07,1.0,0.32890626788139343,0.15000000596046448,1.0,0.32890626788139343,0.15000000596046448,834.0513211759193,0.00390625,644,376.2734375,278,53.047694879998744,282,4,4.0,4
283,0.047640834003686905,0.13997973501682281,-0.0021613501012325287,5e-07,1.0,0.26328128576278687,0.15000000596046448,1.0,0.26328128576278687,0.15000000596046448,863.5131721134003,0.00390625,562,396.5234375,280,52.919285397998465,283,4,4.0,4
284,0.06430169194936752,0.24067296087741852,0.0364120751619339,5e-07,1.0,0.3275391161441803,-0.20000000298023224,1.0,0.3275391161441803,-0.20000000298023224,798.6668945003984,0.00390625,1024,395.34765625,251,57.310814201999165,284,4,3.9921875,2
285,0.058375000953674316,0.30279409885406494,-0.006988467648625374,5e-07,1.0,0.40800783038139343,0.10000000149011612,1.0,0.40800783038139343,0.10000000149011612,867.4474737425845,0.00390625,686,396.0,244,52.92654758900608,285,4,4.0,4
286,0.05292182043194771,0.34663647413253784,0.017891183495521545,5e-07,1.0,0.2705078423023224,0.0,1.0,0.2705078423023224,0.0,856.3912399678071,0.00390625,599,388.03125,37,52.84383805899415,286,4,3.984375,2
287,0.05003267154097557,0.29385048151016235,0.028739498928189278,5e-07,1.0,0.2533203065395355,0.05000000074505806,1.0,0.2533203065395355,0.05000000074505806,815.6386625307282,0.00390625,919,387.4765625,290,55.228500154997164,287,4,3.9921875,2
288,0.04947391152381897,0.24870091676712036,0.037247806787490845,5e-07,1.0,0.322265625,-0.20000000298023224,1.0,0.322265625,-0.20000000298023224,794.05666287687,0.00390625,1024,394.00390625,118,57.40301937000186,288,4,3.984375,2
289,0.08197338879108429,0.26589709520339966,0.030646339058876038,5e-07,1.0,0.26582032442092896,0.05000000074505806,1.0,0.26582032442092896,0.05000000074505806,798.9239169719801,0.00390625,1024,391.01171875,261,56.83738968800026,289,4,4.0,4
290,0.06068071722984314,0.29916468262672424,-0.0016059419140219688,5e-07,1.0,0.3144531548023224,-0.20000000298023224,1.0,0.3144531548023224,-0.20000000298023224,837.7082088498382,0.00390625,677,376.1171875,1,53.00115187000483,290,4,3.984375,2
291,0.04799376428127289,0.15095625817775726,-0.002801155671477318,5e-07,1.0,0.30917972326278687,0.15000000596046448,1.0,0.30917972326278687,0.15000000596046448,852.8722557396302,0.00390625,649,384.8046875,238,52.70718996600044,291,4,4.0,4
292,0.05107785388827324,0.327798992395401,0.00487246410921216,5e-07,1.0,0.28496095538139343,-0.20000000298023224,1.0,0.28496095538139343,-0.20000000298023224,834.466061606287,0.00390625,855,398.71875,52,55.49416822400235,292,4,3.9765625,2
293,0.05083388462662697,0.25154027342796326,-0.006534629501402378,5e-07,1.0,0.3187500238418579,0.0,1.0,0.3187500238418579,0.0,808.7143673785699,0.00390625,813,380.31640625,1,55.117420684000535,293,4,3.984375,2
294,0.050434499979019165,0.2071685940027237,0.026076283305883408,5e-07,1.0,0.318359375,-0.10000000149011612,1.0,0.318359375,-0.10000000149011612,795.755160445057,0.00390625,1024,386.234375,1,56.73730092400365,294,4,3.984375,2
295,0.048177458345890045,0.2001713067293167,0.004138173535466194,5e-07,1.0,0.35175779461860657,0.15000000596046448,1.0,0.35175779461860657,0.15000000596046448,853.8023083419254,0.0078125,535,383.24609375,289,52.5235754949972,295,4,4.0,4
296,0.05258703976869583,0.3099566400051117,-0.007751639932394028,5e-07,1.0,0.3050781488418579,-0.20000000298023224,1.0,0.3050781488418579,-0.20000000298023224,847.593632771155,0.00390625,605,380.42578125,1,52.85817196800053,296,4,3.9765625,2
297,0.04816256836056709,0.2806065082550049,-0.010213456116616726,5e-07,1.0,0.32734376192092896,-0.20000000298023224,1.0,0.32734376192092896,-0.20000000298023224,859.0455608802527,0.00390625,744,394.0625,1,53.20905209400371,297,4,3.96875,2
298,0.052140507847070694,0.4675597846508026,0.0031966716051101685,5e-07,1.0,0.3001953065395355,-0.20000000298023224,1.0,0.3001953065395355,-0.20000000298023224,836.7764917724156,0.00390625,663,375.19921875,121,52.936178818999906,298,4,3.9921875,2
299,0.057686947286129,0.22340689599514008,0.0060460325330495834,5e-07,1.0,0.20585936307907104,0.10000000149011612,1.0,0.20585936307907104,0.10000000149011612,838.1602074466687,0.00390625,591,370.7421875,264,52.5180026550006,299,4,4.0,4
300,0.05077904835343361,0.2574707269668579,-0.003225604072213173,5e-07,1.0,0.3417969346046448,0.15000000596046448,1.0,0.3417969346046448,0.15000000596046448,724.900768479911,0.00390625,739,385.5078125,287,62.40923167300207,300,4,4.0,4
301,0.06870554387569427,0.30260881781578064,0.01273930910974741,5e-07,0.8999999761581421,0.05859375,-0.20000000298023224,0.8999999761581421,0.05859375,-0.20000000298023224,483.5515552772366,0.00390625,488,147.7890625,29,61.93651881199912,301,6,3.9921875,2
302,0.06367823481559753,0.09165968745946884,-0.0012186774984002113,5e-07,0.8999999761581421,0.03437500074505806,-0.10000000149011612,0.8999999761581421,0.03437500074505806,-0.10000000149011612,522.6190467078648,0.00390625,536,149.65625,73,57.64236912100023,302,4,4.0,4
303,0.07028486579656601,0.27751538157463074,0.0001795729622244835,5e-07,0.8999999761581421,0.07148437201976776,-0.20000000298023224,0.8999999761581421,0.07148437201976776,-0.20000000298023224,481.76636029823794,0.00390625,356,149.6796875,71,62.14526888399996,303,6,4.0078125,4
304,0.0711762011051178,0.39937663078308105,0.0703735202550888,5e-07,0.699999988079071,0.05703124776482582,-0.20000000298023224,0.699999988079071,0.05703124776482582,-0.20000000298023224,498.87848575797057,0.00390625,1024,149.87890625,62,60.20153375499649,304,4,3.9765625,2
305,0.0637112632393837,0.27337342500686646,-0.007166680879890919,5e-07,0.8999999761581421,0.07109375298023224,-0.20000000298023224,0.8999999761581421,0.07109375298023224,-0.20000000298023224,479.79008744945526,0.00390625,311,142.87109375,1,61.572239137,305,6,3.9921875,2
306,0.06778767704963684,0.32026949524879456,0.0016057780012488365,5e-07,0.8999999761581421,0.04960937798023224,-0.20000000298023224,0.8999999761581421,0.04960937798023224,-0.20000000298023224,513.664747805889,0.00390625,527,143.171875,70,57.62124055899767,306,4,3.9921875,2
307,0.08193640410900116,0.3458980321884155,0.09472377598285675,5e-07,0.8999999761581421,0.07929687947034836,-0.20000000298023224,0.8999999761581421,0.07929687947034836,-0.20000000298023224,477.3654386697576,0.0078125,1024,144.6484375,36,61.95358441200369,307,4,3.9765625,2
308,0.0824267715215683,0.28371161222457886,0.017679687589406967,5e-07,0.8999999761581421,0.04726562649011612,-0.20000000298023224,0.8999999761581421,0.04726562649011612,-0.20000000298023224,484.95494109336175,0.00390625,784,148.359375,65,62.04081544600194,308,6,3.9609375,2
309,0.07296750694513321,0.2424640655517578,-0.006647375877946615,5e-07,0.8999999761581421,0.07695312798023224,-0.20000000298023224,0.8999999761581421,0.07695312798023224,-0.20000000298023224,470.97032518476846,0.00390625,345,138.3203125,1,61.913667254004395,309,6,3.9921875,2
310,0.07867831736803055,0.36031338572502136,-0.0016820160672068596,5e-07,0.8999999761581421,0.05234374850988388,-0.20000000298023224,0.8999999761581421,0.05234374850988388,-0.20000000298023224,529.3445966205004,0.00390625,406,139.5546875,61,55.55454837500292,310,4,3.984375,2
311,0.07409278303384781,0.2731090486049652,-0.014119936153292656,5e-07,0.8999999761581421,0.07070312649011612,-0.20000000298023224,0.8999999761581421,0.07070312649011612,-0.20000000298023224,522.9068325510407,0.00390625,308,137.125,1,55.90479638100078,311,4,3.9921875,2
312,0.07157249003648758,0.10524347424507141,-0.0107887526974082,5e-07,0.8999999761581421,0.03085937164723873,-0.20000000298023224,0.8999999761581421,0.03085937164723873,-0.20000000298023224,480.1208787559222,0.00390625,429,140.12109375,46,61.615212561999215,312,6,4.0,2
313,0.07949268072843552,0.418856680393219,0.004132717847824097,5e-07,0.8999999761581421,0.08632811903953552,-0.20000000298023224,0.8999999761581421,0.08632811903953552,-0.20000000298023224,520.612878785409,0.00390625,354,137.04296875,1,56.511759886998334,313,4,3.9609375,2
314,0.09004223346710205,0.3675004839897156,0.0398084782063961,5e-07,0.8999999761581421,0.03359374776482582,-0.20000000298023224,0.8999999761581421,0.03359374776482582,-0.20000000298023224,494.70698196929163,0.00390625,1024,153.3984375,74,61.730481099002645,314,6,4.0,2
315,0.07562685757875443,0.25201931595802307,-0.00759163498878479,5e-07,0.8999999761581421,0.068359375,-0.20000000298023224,0.8999999761581421,0.068359375,-0.20000000298023224,525.1825030472694,0.00390625,321,135.44140625,72,55.52403179999965,315,4,3.9921875,2
316,0.08574041724205017,0.2797118127346039,0.04942828044295311,5e-07,0.8999999761581421,0.03671874850988388,-0.20000000298023224,0.8999999761581421,0.03671874850988388,-0.20000000298023224,532.916983652783,0.00390625,1024,143.3046875,70,55.63999817900185,316,4,3.984375,2
317,0.07587049901485443,0.143256276845932,0.002920410130172968,5e-07,0.8999999761581421,0.03750000149011612,-0.10000000149011612,0.8999999761581421,0.03750000149011612,-0.10000000149011612,483.1974959855133,0.00390625,420,143.89453125,72,61.63990965899575,317,6,4.0078125,4
318,0.07372919470071793,0.1994164139032364,-0.0020251385867595673,5e-07,0.699999988079071,0.08085937798023224,-0.20000000298023224,0.699999988079071,0.08085937798023224,-0.20000000298023224,521.2179561680131,0.00390625,450,145.28515625,37,57.490824414999224,318,4,3.9921875,2
319,0.08443950861692429,0.25336775183677673,-0.007948248647153378,5e-07,0.8999999761581421,0.05156249552965164,-0.20000000298023224,0.8999999761581421,0.05156249552965164,-0.20000000298023224,505.2995015665524,0.00390625,688,136.52734375,1,57.646504518001166,319,4,3.984375,2
320,0.08200860023498535,0.2480362057685852,-0.01045276876538992,5e-07,0.8999999761581421,0.04609375074505806,-0.20000000298023224,0.8999999761581421,0.04609375074505806,-0.20000000298023224,501.1927624729704,0.00390625,395,132.453125,65,57.48885889299709,320,4,3.9921875,2
321,0.08943566679954529,0.28114229440689087,0.00578848272562027,5e-07,0.8999999761581421,0.06406250596046448,-0.20000000298023224,0.8999999761581421,0.06406250596046448,-0.20000000298023224,528.4009098460417,0.00390625,435,138.609375,1,55.55440850499872,321,4,3.9765625,2
322,0.09849219769239426,0.3721143305301666,0.0002861376851797104,5e-07,0.8999999761581421,0.0703125,-0.20000000298023224,0.8999999761581421,0.0703125,-0.20000000298023224,513.5729629880398,0.00390625,572,143.1640625,1,58.32180071499897,322,4,3.9765625,2
323,0.09633036702871323,0.28338101506233215,-0.011391880922019482,5e-07,0.8999999761581421,0.08554687350988388,-0.20000000298023224,0.8999999761581421,0.08554687350988388,-0.20000000298023224,507.970785327256,0.00390625,262,127.80859375,1,55.88461151700176,323,4,3.9765625,2
324,0.08341158181428909,0.21604035794734955,-0.026452437043190002,5e-07,0.8999999761581421,0.06367187201976776,-0.20000000298023224,0.8999999761581421,0.06367187201976776,-0.20000000298023224,516.3133073250095,0.00390625,413,132.35546875,1,55.837704724996,324,4,3.9765625,2
325,0.08957967907190323,0.4498851001262665,-0.003681606613099575,5e-07,0.8999999761581421,0.08632811903953552,-0.10000000149011612,0.8999999761581421,0.08632811903953552,-0.10000000149011612,520.0146300756825,0.00390625,296,134.53125,30,55.708048052001686,325,4,3.9765625,2
326,0.08899378776550293,0.2256815880537033,-0.000940325204282999,5e-07,0.8999999761581421,0.03007812425494194,-0.20000000298023224,0.8999999761581421,0.03007812425494194,-0.20000000298023224,508.7130258072017,0.00390625,604,135.9921875,23,57.55602572499629,326,4,3.9765625,2
327,0.08121076971292496,0.26198747754096985,-0.00034616095945239067,5e-07,0.8999999761581421,0.0996093824505806,-0.10000000149011612,0.8999999761581421,0.0996093824505806,-0.10000000149011612,503.99623536309804,0.00390625,435,134.703125,1,57.6373352849987,327,4,3.9921875,2
328,0.09331366419792175,0.20982879400253296,-0.002847104799002409,5e-07,0.8999999761581421,0.06718750298023224,-0.20000000298023224,0.8999999761581421,0.06718750298023224,-0.20000000298023224,507.4091031069659,0.00390625,518,137.44140625,1,57.64825625099911,328,4,3.9765625,2
329,0.10253793746232986,0.23150184750556946,-0.007602761499583721,5e-07,0.8999999761581421,0.083984375,-0.10000000149011612,0.8999999761581421,0.083984375,-0.10000000149011612,512.6709958577829,0.00390625,249,129.8515625,1,55.88281808699685,329,4,3.9921875,2
330,0.09504339098930359,0.2502933144569397,-0.009381178766489029,5e-07,0.8999999761581421,0.11562499403953552,-0.10000000149011612,0.8999999761581421,0.11562499403953552,-0.10000000149011612,496.07808039898464,0.00390625,466,130.84765625,74,57.874457942001754,330,4,4.0,4
331,0.08417445421218872,0.19250120222568512,-0.002307540737092495,5e-07,0.8999999761581421,0.068359375,-0.20000000298023224,0.8999999761581421,0.068359375,-0.20000000298023224,523.1844908162063,0.00390625,305,135.0390625,73,55.70788223200361,331,4,4.0,4
332,0.08290412276983261,0.2170727252960205,-0.0029668351635336876,5e-07,0.8999999761581421,0.05937500298023224,-0.10000000149011612,0.8999999761581421,0.05937500298023224,-0.10000000149011612,506.89218700396754,0.00390625,445,137.2109375,74,57.68780965600308,332,4,4.0,4
333,0.0829954668879509,0.2996485233306885,-0.01966261677443981,5e-07,0.8999999761581421,0.07968749850988388,-0.20000000298023224,0.8999999761581421,0.07968749850988388,-0.20000000298023224,515.8990381539633,0.00390625,347,132.54296875,1,55.977522469002,333,4,3.96875,2
334,0.07496187090873718,0.22161123156547546,-0.00019859103485941887,5e-07,0.8999999761581421,0.09687500447034836,-0.10000000149011612,0.8999999761581421,0.09687500447034836,-0.10000000149011612,521.4402320417919,0.00390625,400,133.3203125,72,55.430130288994405,334,4,4.0,4
335,0.06854743510484695,0.123818039894104,-0.000352292787283659,5e-07,0.8999999761581421,0.04648437350988388,-0.20000000298023224,0.8999999761581421,0.04648437350988388,-0.20000000298023224,535.4981881577881,0.00390625,322,141.7578125,42,55.56041207600356,335,4,3.9921875,2
336,0.08599899709224701,0.2500283718109131,0.05144982784986496,5e-07,0.8999999761581421,0.0371093787252903,-0.20000000298023224,0.8999999761581421,0.0371093787252903,-0.20000000298023224,523.9209400990987,0.00390625,1024,139.6171875,72,56.11438243800512,336,4,3.9921875,2
337,0.07792691886425018,0.22249700129032135,0.04292028769850731,5e-07,0.8999999761581421,0.05742187425494194,-0.20000000298023224,0.8999999761581421,0.05742187425494194,-0.20000000298023224,504.8962586750749,0.00390625,1024,135.0390625,1,57.71581686200079,337,4,3.9609375,2
338,0.09923192113637924,0.2984981834888458,-0.005714385770261288,5e-07,0.8999999761581421,0.08906248956918716,-0.20000000298023224,0.8999999761581421,0.08906248956918716,-0.20000000298023224,462.5205211255789,0.00390625,285,130.0625,26,61.79185289000452,338,6,3.984375,2
339,0.0831395611166954,0.3396567702293396,0.050818394869565964,5e-07,0.8999999761581421,0.07070312649011612,-0.20000000298023224,0.8999999761581421,0.07070312649011612,-0.20000000298023224,480.907768992601,0.00390625,1024,143.5,72,61.77483899299841,339,4,4.0,4
340,0.0879618376493454,0.2432475984096527,-0.006165703758597374,5e-07,0.8999999761581421,0.11210937798023224,-0.20000000298023224,0.8999999761581421,0.11210937798023224,-0.20000000298023224,527.0656809423498,0.00390625,360,138.63671875,73,55.91475800000626,340,4,4.0,4
341,0.09388028085231781,0.20239311456680298,-0.003443098161369562,5e-07,0.8999999761581421,0.07187499850988388,-0.10000000149011612,0.8999999761581421,0.07187499850988388,-0.10000000149011612,519.016462301683,0.00390625,334,130.60546875,73,55.431286076003744,341,4,3.9921875,2
342,0.07687808573246002,0.23115253448486328,-2.5637447834014893e-05,5e-07,0.8999999761581421,0.07148437947034836,-0.20000000298023224,0.8999999761581421,0.07148437947034836,-0.20000000298023224,515.0348417880955,0.00390625,272,129.74609375,26,55.49284763099422,342,4,3.984375,2
343,0.10267593711614609,0.3445069491863251,0.04998865723609924,5e-07,0.8999999761581421,0.06171874329447746,-0.20000000298023224,0.8999999761581421,0.06171874329447746,-0.20000000298023224,481.24203655964646,0.00390625,1024,133.94140625,42,60.032681696997315,343,4,3.984375,2
344,0.08900850266218185,0.26635977625846863,0.00469351839274168,5e-07,0.8999999761581421,0.0449218712747097,-0.20000000298023224,0.8999999761581421,0.0449218712747097,-0.20000000298023224,525.2529863696931,0.00390625,482,135.22265625,74,55.50515800300491,344,4,3.9921875,2
345,0.09146269410848618,0.4203105866909027,0.050629500299692154,5e-07,0.8999999761581421,0.08828125149011612,-0.20000000298023224,0.8999999761581421,0.08828125149011612,-0.20000000298023224,525.0880548374797,0.00390625,1024,136.01953125,40,55.50926122099918,345,4,3.9765625,2
346,0.08716866374015808,0.12752188742160797,0.00016220426186919212,5e-07,0.8999999761581421,0.15000000596046448,-0.10000000149011612,0.8999999761581421,0.15000000596046448,-0.10000000149011612,525.1825224354567,0.00390625,343,136.29296875,75,55.700158993000514,346,4,4.0,4
347,0.09248759597539902,0.28260117769241333,-0.0004912586882710457,5e-07,0.8999999761581421,0.10585936903953552,-0.20000000298023224,0.8999999761581421,0.10585936903953552,-0.20000000298023224,509.9519112697608,0.00390625,255,129.25,73,56.04057827500219,347,4,3.9921875,2
348,0.08318588882684708,0.16311930119991302,0.004246477037668228,5e-07,0.8999999761581421,0.01210937462747097,-0.20000000298023224,0.8999999761581421,0.01210937462747097,-0.20000000298023224,539.5702733162938,0.00390625,390,141.73828125,73,55.13693298400176,348,4,4.0,4
349,0.08322189748287201,0.432603657245636,0.013567706570029259,5e-07,0.8999999761581421,0.10585936903953552,-0.20000000298023224,0.8999999761581421,0.10585936903953552,-0.20000000298023224,507.97103480836546,0.00390625,332,128.76953125,74,55.9997481169994,349,4,3.9921875,2
350,0.10032005608081818,0.20693574845790863,-0.003697922918945551,5e-07,0.8999999761581421,0.06757812201976776,-0.20000000298023224,0.8999999761581421,0.06757812201976776,-0.20000000298023224,480.15611740711756,0.00390625,860,131.77734375,1,59.932069918002526,350,4,3.9765625,2
351,0.08168786019086838,0.23777617514133453,0.0016095684841275215,5e-07,0.8999999761581421,0.05429687350988388,-0.20000000298023224,0.8999999761581421,0.05429687350988388,-0.20000000298023224,500.12980799158646,0.00390625,569,130.91796875,1,57.51056933699874,351,4,3.9921875,2
352,0.11158540844917297,0.31865614652633667,0.00720146344974637,5e-07,0.8999999761581421,0.08710937201976776,-0.20000000298023224,0.8999999761581421,0.08710937201976776,-0.20000000298023224,523.1421685996836,0.00390625,887,133.98046875,11,55.623025148001034,352,4,3.9765625,2
353,0.09172820299863815,0.22674959897994995,0.0019050249829888344,5e-07,0.8999999761581421,0.04921874776482582,-0.20000000298023224,0.8999999761581421,0.04921874776482582,-0.20000000298023224,507.7877099876607,0.00390625,454,137.09375,73,57.92184296999767,353,4,3.984375,2
354,0.09828067570924759,0.28672149777412415,0.08388089388608932,5e-07,0.8999999761581421,0.014453123323619366,-0.20000000298023224,0.8999999761581421,0.014453123323619366,-0.20000000298023224,469.64032381866934,0.00390625,1024,133.54296875,70,61.79569455199817,354,4,3.9921875,2
355,0.09096317738294601,0.30369728803634644,0.03934027999639511,5e-07,0.699999988079071,0.0458984375,-0.20000000298023224,0.699999988079071,0.0458984375,-0.20000000298023224,500.00652010468775,0.00390625,1024,133.41796875,1,57.954744258000574,355,4,3.984375,2
356,0.07950060814619064,0.1512201875448227,0.016119807958602905,5e-07,0.8999999761581421,0.03085937164723873,-0.20000000298023224,0.8999999761581421,0.03085937164723873,-0.20000000298023224,506.7890388640165,0.00390625,467,132.96484375,74,57.54613411799801,356,4,3.9921875,2
357,0.0815066397190094,0.1615082323551178,-0.0006120000034570694,5e-07,0.8999999761581421,0.021484375,-0.20000000298023224,0.8999999761581421,0.021484375,-0.20000000298023224,508.99755024753046,0.00390625,753,138.578125,72,57.994385209996835,357,4,3.9921875,2
358,0.08946305513381958,0.25588294863700867,-0.006591372657567263,5e-07,0.8999999761581421,0.08984375,-0.10000000149011612,0.8999999761581421,0.08984375,-0.10000000149011612,503.6972278320231,0.00390625,604,132.48828125,1,57.562854027994035,358,4,3.9921875,2
359,0.10180308669805527,0.23797646164894104,0.08276626467704773,5e-07,0.8999999761581421,0.09218750149011612,-0.20000000298023224,0.8999999761581421,0.09218750149011612,-0.20000000298023224,478.6680006471586,0.0078125,1024,131.7265625,75,60.3455839140006,359,4,3.9765625,2
360,0.10628865659236908,0.3300454616546631,0.027334487065672874,5e-07,0.699999988079071,0.05546874925494194,-0.20000000298023224,0.699999988079071,0.05546874925494194,-0.20000000298023224,494.9468184888749,0.00390625,475,127.94140625,73,57.521836562002136,360,4,4.0,4
361,0.104673370718956,0.29377481341362,-0.007753534242510796,5e-07,0.8999999761581421,0.11249999701976776,-0.10000000149011612,0.8999999761581421,0.11249999701976776,-0.10000000149011612,502.26169878684516,0.00390625,374,123.9140625,73,56.27843028499774,361,4,4.0,4
362,0.07957285642623901,0.41525891423225403,0.010331840254366398,5e-07,0.8999999761581421,0.130859375,-0.20000000298023224,0.8999999761581421,0.130859375,-0.20000000298023224,503.5295073679095,0.00390625,251,122.59375,72,55.941110874002334,362,4,3.9765625,2
363,0.08403220772743225,0.28159958124160767,-0.0030982736498117447,5e-07,0.8999999761581421,0.07070312649011612,-0.10000000149011612,0.8999999761581421,0.07070312649011612,-0.10000000149011612,509.2479097367565,0.00390625,584,136.33203125,28,57.73268665000069,363,4,3.984375,2
364,0.08573855459690094,0.28809016942977905,-0.010303291492164135,5e-07,0.8999999761581421,0.07343750447034836,-0.20000000298023224,0.8999999761581421,0.07343750447034836,-0.20000000298023224,482.07846703073005,0.00390625,230,120.0625,1,58.02997211700131,364,4,3.984375,2
365,0.10108589380979538,0.599277138710022,-0.007447362411767244,5e-07,0.949999988079071,0.0839843824505806,-0.20000000298023224,0.949999988079071,0.0839843824505806,-0.20000000298023224,489.6967936432135,0.00390625,372,122.72265625,52,57.43400889100303,365,4,3.984375,2
366,0.08097398281097412,0.25611865520477295,0.011951296590268612,5e-07,0.8999999761581421,0.06523437798023224,-0.10000000149011612,0.8999999761581421,0.06523437798023224,-0.10000000149011612,509.66376210638316,0.00390625,400,125.37890625,73,55.70976810800494,366,4,4.0,4
367,0.08647044003009796,0.2786020338535309,-0.002070152200758457,5e-07,0.8999999761581421,0.09023438394069672,-0.20000000298023224,0.8999999761581421,0.09023438394069672,-0.20000000298023224,513.1944893607019,0.00390625,304,125.99609375,73,55.3352590269933,367,4,4.0,4
368,0.0892372727394104,0.1899898201227188,0.004322359804064035,5e-07,0.8999999761581421,0.0371093787252903,-0.20000000298023224,0.8999999761581421,0.0371093787252903,-0.20000000298023224,497.8358702539248,0.00390625,576,128.9765625,73,57.60633516699454,368,4,3.984375,2
369,0.09389147162437439,0.1892547607421875,-0.002757882932201028,5e-07,0.949999988079071,0.056640625,-0.20000000298023224,0.949999988079071,0.056640625,-0.20000000298023224,492.2096748704166,0.00390625,245,124.59765625,72,57.74012875200424,369,4,3.9921875,2
370,0.08316144347190857,0.19954517483711243,-0.002573336474597454,5e-07,0.8999999761581421,0.08437500149011612,-0.10000000149011612,0.8999999761581421,0.08437500149011612,-0.10000000149011612,505.9402289678499,0.00390625,234,120.66015625,73,55.453684829997655,370,4,4.0,4
371,0.07543222606182098,0.39344385266304016,0.05633658170700073,5e-07,0.8999999761581421,0.07695312052965164,-0.20000000298023224,0.8999999761581421,0.07695312052965164,-0.20000000298023224,497.5297450241508,0.00390625,1024,131.00390625,1,57.94075688600424,371,4,3.9765625,2
372,0.07815767079591751,0.29287752509117126,0.002651261631399393,5e-07,0.8999999761581421,0.10859374701976776,-0.10000000149011612,0.8999999761581421,0.10859374701976776,-0.10000000149011612,493.82676620660084,0.00390625,494,125.44921875,55,57.43258960599633,372,4,3.9921875,2
373,0.09321154654026031,0.26592355966567993,-0.015041600912809372,5e-07,0.8999999761581421,0.1054687425494194,-0.20000000298023224,0.8999999761581421,0.1054687425494194,-0.20000000298023224,509.1792614296317,0.00390625,333,123.55859375,40,55.56343736499548,373,4,3.9921875,2
374,0.08392515033483505,0.3462388813495636,-0.009434936568140984,5e-07,0.949999988079071,0.08359374850988388,-0.20000000298023224,0.949999988079071,0.08359374850988388,-0.20000000298023224,496.904877444074,0.00390625,657,131.33203125,1,58.27121309200447,374,4,3.96875,2
375,0.08795686066150665,0.15229852497577667,-0.002506163902580738,5e-07,0.8999999761581421,0.06875000149011612,-0.10000000149011612,0.8999999761581421,0.06875000149011612,-0.10000000149011612,505.69532555177574,0.00390625,280,123.30078125,73,55.826598692001426,375,4,4.0,4
376,0.067104272544384,0.19745203852653503,-0.004831470549106598,5e-07,0.8999999761581421,0.02460937201976776,-0.20000000298023224,0.8999999761581421,0.02460937201976776,-0.20000000298023224,511.9515276508832,0.00390625,428,137.890625,72,57.88047969300533,376,4,3.9921875,2
377,0.09112927317619324,0.23159489035606384,-0.0009430423378944397,5e-07,0.8999999761581421,0.03398437425494194,-0.20000000298023224,0.8999999761581421,0.03398437425494194,-0.20000000298023224,507.9021590514779,0.00390625,347,123.5390625,55,55.9074213290005,377,4,3.9921875,2
378,0.0814262181520462,0.3250267803668976,0.06674635410308838,5e-07,0.8999999761581421,0.09218750149011612,-0.20000000298023224,0.8999999761581421,0.09218750149011612,-0.20000000298023224,513.6315417111738,0.00390625,1024,129.2578125,72,55.959374894002394,378,4,3.96875,2
379,0.07296475023031235,0.24032554030418396,-0.004435933660715818,5e-07,0.8999999761581421,0.06406249850988388,-0.20000000298023224,0.8999999761581421,0.06406249850988388,-0.20000000298023224,521.7864327949579,0.00390625,299,127.9765625,1,55.205536574998405,379,4,3.96875,2
380,0.09977995604276657,0.26622357964515686,0.05565326660871506,5e-07,0.8999999761581421,0.08710937947034836,-0.20000000298023224,0.8999999761581421,0.08710937947034836,-0.20000000298023224,484.0223303760983,0.00390625,1024,125.35546875,71,58.2984466400012,380,4,3.9921875,2
381,0.08542440831661224,0.31734520196914673,0.06478787958621979,5e-07,0.8999999761581421,0.09609374403953552,-0.20000000298023224,0.8999999761581421,0.09609374403953552,-0.20000000298023224,466.55505608795806,0.00390625,1024,130.30078125,73,61.56883228500374,381,6,4.0,2
382,0.0830315575003624,0.2812522053718567,-0.0021377261728048325,5e-07,0.8999999761581421,0.11796875298023224,-0.10000000149011612,0.8999999761581421,0.11796875298023224,-0.10000000149011612,495.4353564351028,0.00390625,282,117.9453125,1,56.19199283700436,382,4,3.9765625,2
383,0.0757516399025917,0.14840586483478546,0.0030665425583720207,5e-07,0.8999999761581421,0.11249999701976776,-0.10000000149011612,0.8999999761581421,0.11249999701976776,-0.10000000149011612,511.40393325455767,0.00390625,255,127.5390625,73,55.83551111599809,383,4,4.0,4
384,0.08560281246900558,0.2735706865787506,0.005777198821306229,5e-07,0.8999999761581421,0.05898436903953552,-0.20000000298023224,0.8999999761581421,0.05898436903953552,-0.20000000298023224,494.24718097393946,0.00390625,460,126.91015625,51,57.95733613199991,384,4,3.9921875,2
385,0.07586001604795456,0.25700923800468445,0.048014577478170395,5e-07,0.8999999761581421,0.09609374403953552,-0.20000000298023224,0.8999999761581421,0.09609374403953552,-0.20000000298023224,503.1265410610388,0.00390625,1024,133.26171875,46,57.71063068699732,385,4,3.984375,2
386,0.08014797419309616,0.2588801681995392,0.03990098461508751,5e-07,0.8999999761581421,0.05507812649011612,-0.20000000298023224,0.8999999761581421,0.05507812649011612,-0.20000000298023224,487.93721948245894,0.00390625,1024,132.4375,37,59.60602888799622,386,4,3.984375,2
387,0.07217928022146225,0.24509795010089874,0.006174485199153423,5e-07,0.8999999761581421,0.052734375,-0.10000000149011612,0.8999999761581421,0.052734375,-0.10000000149011612,507.72816683538355,0.00390625,612,133.16796875,1,57.343184605000715,387,4,3.9921875,2
388,0.0852551981806755,0.25600093603134155,0.002322617918252945,5e-07,0.8999999761581421,0.15898437798023224,-0.20000000298023224,0.8999999761581421,0.15898437798023224,-0.20000000298023224,500.5984377948741,0.00390625,268,121.25,35,56.02894032900076,388,4,3.9921875,2
389,0.06768503040075302,0.3493397831916809,-0.0036623277701437473,5e-07,0.8999999761581421,0.08710937201976776,-0.20000000298023224,0.8999999761581421,0.08710937201976776,-0.20000000298023224,496.27362118048865,0.00390625,506,131.328125,70,58.346844893996604,389,4,3.9921875,2
390,0.0876607894897461,0.23543627560138702,0.008127620443701744,5e-07,0.8999999761581421,0.09726563096046448,-0.10000000149011612,0.8999999761581421,0.09726563096046448,-0.10000000149011612,460.4574535215004,0.00390625,342,123.7890625,57,61.507311443005165,390,6,4.0,2
391,0.07938511669635773,0.23672179877758026,0.007339908741414547,5e-07,0.8999999761581421,0.09687500447034836,-0.10000000149011612,0.8999999761581421,0.09687500447034836,-0.10000000149011612,507.0405704271511,0.00390625,279,124.265625,74,55.93438011500257,391,4,4.0,4
392,0.07616465538740158,0.1569598764181137,-0.0014514140784740448,5e-07,0.8999999761581421,0.12812498211860657,-0.10000000149011612,0.8999999761581421,0.12812498211860657,-0.10000000149011612,499.1907687272151,0.00390625,234,116.2421875,74,55.3946541730038,392,4,4.0,4
